date,experiment,cell,treatment,level_4,time,length,flow,stage,length_diff,neurite,speed
171103,6,0,paBlebb,1204,9.5,41.82068,0.62216,2.5,0,long,0.065490526
171103,6,0,paBlebb,1206,9.5,18.8034,1.76,2.5,-23.01728,short,0.185263158
171103,6,1,paBlebb,1200,9.5,76.70828,0,3,0,long,0
171103,6,1,paBlebb,1202,9.5,23.57212,2.24356,3,-53.13616,short,0.236164211
171103,6,2,paBlebb,1196,9.5,68.52868,1.39128,3,0,long,0.146450526
171103,6,2,paBlebb,1198,9.5,10.38004,2.95152,3,-58.14864,short,0.310686316
171103,6,3,paBlebb,1192,9.5,39.13272,3.21244,2.5,0,long,0.338151579
171103,6,3,paBlebb,1194,9.5,27.88236,2.48908,2.5,-11.25036,short,0.262008421
171103,6,4,paBlebb,1189,9.5,21.22692,1.39128,2,-3.99432,short,0.146450526
171103,6,5,paBlebb,1185,9.5,39.2106,0.88,2.5,0,long,0.092631579
171103,6,5,paBlebb,1187,9.5,30.32084,2.56564,2.5,-8.88976,short,0.270067368
171103,6,6,paBlebb,1181,9.5,47.75628,1.32,2.5,0,long,0.138947368
171103,6,6,paBlebb,1183,9.5,26.16944,0.98384,2.5,-21.58684,short,0.103562105
171103,6,7,paBlebb,1173,9.5,29.546,2.2,2.5,-12.5906,short,0.231578947
171103,6,7,paBlebb,1175,19,42.1366,0,2.5,0,long,0
171103,6,8,paBlebb,1169,9.5,43.15388,0,2.5,0,long,0
171103,6,8,paBlebb,1171,9.5,22.37048,4.48712,2.5,-20.7834,short,0.472328421
171103,6,9,paBlebb,1165,7.5,22.935,1.81412,2,-3.81524,short,0.241882667
171103,6,9,paBlebb,1167,8.5,26.75024,0.98384,2,0,short,0.115745882
171103,6,10,paBlebb,1161,9.5,45.45728,1.86692,2.5,0,long,0.196517895
171103,6,10,paBlebb,1163,19,23.68872,0.88,2.5,-21.76856,short,0.046315789
171103,6,11,paBlebb,1157,9.5,52.008,0.44,3,0,long,0.046315789
171103,6,11,paBlebb,1159,9.5,40.25076,1.81412,3,-11.75724,short,0.19096
171103,6,12,paBlebb,1484,9.5,21.00648,2.30208,2,0,short,0.242324211
171103,6,12,paBlebb,1486,9.5,14.16888,3.7202,2,-6.8376,short,0.3916
171103,6,13,paBlebb,1153,9.5,49.82912,0.98384,2.5,0,long,0.103562105
171103,6,13,paBlebb,1155,7,19.0234,2.24356,2.5,-30.80572,short,0.320508571
171103,7,0,paBlebb,1149,9.5,53.42656,0.44,3,0,long,0.046315789
171103,7,0,paBlebb,1151,9.5,24.18724,0.88,3,-29.23932,short,0.092631579
171103,7,1,paBlebb,1145,9.5,25.05844,1.58664,2.5,-11.3608,short,0.167014737
171103,7,1,paBlebb,1147,9.5,36.41924,0.62216,2.5,0,long,0.065490526
171103,7,2,paBlebb,1141,9.5,72.58856,0,3,0,long,0
171103,7,2,paBlebb,1143,9.5,21.65636,0.98384,3,-50.9322,short,0.103562105
171103,7,3,paBlebb,1137,9.5,27.67292,1.76,3,-42.20436,short,0.185263158
171103,7,3,paBlebb,1139,9.5,69.87728,1.39128,3,0,long,0.146450526
171103,7,4,paBlebb,1133,9.5,94.028,0.44,3,0,long,0.046315789
171103,7,4,paBlebb,1135,9.5,15.1866,0.62216,3,-78.8414,short,0.065490526
171103,7,5,paBlebb,1129,9.5,49.32972,0.62216,2.5,0,long,0.065490526
171103,7,5,paBlebb,1131,9.5,22.7238,1.39128,2.5,-26.60592,short,0.146450526
171103,7,6,paBlebb,1479,9.5,58.67092,1.30284,3,0,long,0.137141053
171103,7,6,paBlebb,1481,9.5,18.54292,2.33156,3,-40.128,short,0.245427368
171103,7,7,paBlebb,1125,9.5,48.55444,0.98384,2.5,0,long,0.103562105
171103,7,7,paBlebb,1127,19,16.02304,0.44,2.5,-32.5314,short,0.023157895
171103,7,9,paBlebb,1117,9.5,77.44396,1.32,3,0,long,0.138947368
171103,7,9,paBlebb,1119,19,11.59268,0,3,-65.85128,short,0
171103,7,10,paBlebb,1121,9.5,34.48192,2.24356,2.5,0,long,0.236164211
171103,7,10,paBlebb,1123,9.5,18.9618,1.81412,2.5,-15.52012,short,0.19096
171103,7,11,paBlebb,1113,9.5,49.57832,0.44,2.5,0,long,0.046315789
171103,7,11,paBlebb,1115,19,18.98864,0,2.5,-30.58968,short,0
171103,7,12,paBlebb,1109,9.5,33.51744,0.44,2.5,0,long,0.046315789
171103,7,12,paBlebb,1111,9.5,17.2238,1.39128,2.5,-16.29364,short,0.146450526
171103,7,13,paBlebb,1105,9.5,19.6988,1.39128,3,-53.053,short,0.146450526
171103,7,13,paBlebb,1107,9.5,72.7518,1.24432,3,0,long,0.130981053
171103,16,0,paBlebb,1101,9.5,24.189,2.48908,2,0,short,0.262008421
171103,16,0,paBlebb,1103,9.5,14.773,2.24356,2,-9.416,short,0.236164211
171103,16,1,paBlebb,1097,9.5,17.7254,1.58664,2,-6.9696,short,0.167014737
171103,16,1,paBlebb,1099,9.5,24.695,3.29868,2,0,short,0.347229474
171103,16,2,paBlebb,1093,9.5,22.90244,0.98384,2.5,-21.1882,short,0.103562105
171103,16,2,paBlebb,1095,19,44.09064,0,2.5,0,long,0
171103,16,3,paBlebb,1089,9.5,83.87764,0,3,0,long,0
171103,16,3,paBlebb,1091,9.5,19.5118,1.96768,3,-64.36584,short,0.207124211
171103,16,4,paBlebb,1085,9.5,16.73716,4.75948,2,0,short,0.500997895
171103,16,4,paBlebb,1087,9.5,13.15556,3.08,2,-3.5816,short,0.324210526
171103,16,5,paBlebb,1081,9.5,21.50456,1.39128,2,0,short,0.146450526
171103,16,5,paBlebb,1083,9.5,14.42848,0.62216,2,-7.07608,short,0.065490526
171103,16,6,paBlebb,1069,19,27.44588,0,3,-27.63112,short,0
171103,16,6,paBlebb,1071,19,55.077,0,3,0,long,0
171103,16,7,paBlebb,1077,19,50.91988,0,3,0,long,0
171103,16,7,paBlebb,1079,19,20.8538,0,3,-30.06608,short,0
171103,16,8,paBlebb,1073,9.5,12.47224,5.29848,2,-17.44688,short,0.557734737
171103,16,8,paBlebb,1075,19,29.91912,-0.7876,2,0,short,-0.041452632
171103,16,9,paBlebb,1498,9.5,32.67924,1.96284,2.5,-8.12988,short,0.206614737
171103,16,9,paBlebb,1500,7.5,28.28364,3.32728,2.5,-12.52548,short,0.443637333
171103,16,11,paBlebb,1065,9.5,22.2134,1.96768,2,0,short,0.207124211
171103,16,11,paBlebb,1067,19,20.90132,1.39128,2,-1.31208,short,0.073225263
171103,16,12,paBlebb,1061,9.5,69.17592,1.58664,3,0,long,0.167014737
171103,16,12,paBlebb,1063,9.5,23.62492,4.422,3,-45.551,short,0.465473684
171103,16,13,paBlebb,1057,19,12.16996,0,2,0,short,0
171103,16,13,paBlebb,1059,19,11.80652,1.76,2,-0.36344,short,0.092631579
171103,17,0,paBlebb,1053,9.5,22.33572,1.39128,2,-6.336,short,0.146450526
171103,17,0,paBlebb,1055,6.5,28.67172,1.32,2,0,short,0.203076923
171103,17,1,paBlebb,1035,9.5,17.84904,1.58664,2,0,short,0.167014737
171103,17,1,paBlebb,1037,9.5,15.57688,1.86692,2,-2.27216,short,0.196517895
171103,17,2,paBlebb,1049,9.5,12.05424,2.56564,2,-13.37248,short,0.270067368
171103,17,2,paBlebb,1051,9,25.42672,1.58664,2,0,short,0.176293333
171103,17,3,paBlebb,1493,7,28.9036,4.05372,2.5,-8.63016,short,0.579102857
171103,17,3,paBlebb,1495,9.5,26.62,0.77836,2.5,-10.91376,short,0.081932632
171103,17,4,paBlebb,1047,9.5,31.4336,3.11124,2.5,0,long,0.327498947
171103,17,5,paBlebb,1043,9.5,64.152,2.90664,3,0,long,0.305962105
171103,17,5,paBlebb,1045,19,22.50864,0,3,-41.64336,short,0
171103,17,6,paBlebb,1039,9.5,52.11712,0,3,0,long,0
171103,17,6,paBlebb,1041,9.5,27.50308,3.93536,3,-24.61404,short,0.414248421
171103,17,7,paBlebb,1031,9.5,43.69024,0.88,2.5,0,long,0.092631579
171103,17,7,paBlebb,1033,19,28.127,0,2.5,-15.56324,short,0
171103,17,8,paBlebb,1027,19,60.52288,0,3,0,long,0
171103,17,8,paBlebb,1029,6.5,21.92432,1.96768,3,-38.59856,short,0.30272
171103,17,9,paBlebb,1023,9.5,23.59852,1.32,2,-5.55016,short,0.138947368
171103,17,9,paBlebb,1025,5,29.14868,0.98384,2,0,short,0.196768
171103,17,10,paBlebb,1019,9.5,71.09212,0,3,0,long,0
171103,17,10,paBlebb,1021,9,20.4666,2.3694,3,-50.62552,short,0.263266667
171103,17,11,paBlebb,1015,9.5,19.976,4.33356,2.5,-15.52188,short,0.456164211
171103,17,11,paBlebb,1017,5,35.49788,2.56564,2.5,0,long,0.513128
171103,17,12,paBlebb,1011,9.5,21.45484,1.58664,2,0,short,0.167014737
171103,17,12,paBlebb,1013,9.5,19.33536,0.98384,2,-2.11948,short,0.103562105
171103,17,13,paBlebb,1007,9.5,29.2798,2.64,2,0,short,0.277894737
171103,17,13,paBlebb,1009,9.5,28.51464,1.58664,2,-0.76516,short,0.167014737
171103,18,0,paBlebb,1005,5.5,14.57148,2.56564,2,-13.77728,short,0.46648
171103,18,1,paBlebb,1002,6,43.68012,2.64,2.5,-7.86632,short,0.44
171103,18,2,paBlebb,998,8,20.1498,6.1842,2.5,-13.49128,short,0.773025
171103,18,2,paBlebb,1000,7.5,33.64108,4.16768,2.5,0,long,0.555690667
171103,18,3,paBlebb,994,9.5,24.48776,1.24432,2.5,-24.46708,short,0.130981053
171103,18,3,paBlebb,996,9.5,48.95484,3.11124,2.5,0,long,0.327498947
171103,18,4,paBlebb,990,6.5,30.60596,1.32,2.5,0,long,0.203076923
171103,18,4,paBlebb,992,9.5,22.41976,1.96768,2.5,-8.1862,short,0.207124211
171103,18,5,paBlebb,986,9.5,18.88128,0.9812,2,-7.51212,short,0.103284211
171103,18,5,paBlebb,988,9.5,26.3934,5.0424,2,0,short,0.530778947
171103,18,6,paBlebb,1226,9.5,58.43684,0,3,0,long,0
171103,18,6,paBlebb,1228,9.5,31.6448,1.58664,3,-26.79204,short,0.167014737
171103,18,7,paBlebb,1222,9.5,19.61036,1.76,2,0,short,0.185263158
171103,18,7,paBlebb,1224,9,11.70444,3.17284,2,-7.90592,short,0.352537778
171103,18,8,paBlebb,1214,8.5,24.04996,0.88,2,-4.5694,short,0.103529412
171103,18,8,paBlebb,1216,9.5,28.61936,0.44,2,0,short,0.046315789
171103,18,9,paBlebb,1218,9.5,57.76716,0.98384,3,0,long,0.103562105
171103,18,9,paBlebb,1220,9,22.35508,4.33708,3,-35.41208,short,0.481897778
171103,18,10,paBlebb,1211,19,36.12356,0,2.5,-6.15164,short,0
171103,18,11,paBlebb,1208,19,36.487,0,2.5,-10.43416,short,0
171103,18,12,paBlebb,1177,9.5,69.60272,0,3,0,long,0
171103,18,12,paBlebb,1179,9.5,27.53696,3.08,3,-42.06576,short,0.324210526
171103,18,13,paBlebb,1488,9.5,25.78312,0,2,-4.33972,short,0
171103,18,13,paBlebb,1490,9.5,20.62852,0.85404,2,-9.49432,short,0.089898947
171128,7,0,paBlebb,1317,9.5,39.30256,5.72,2.5,0,long,0.602105263
171128,7,0,paBlebb,1319,19,16.81108,3.35104,2.5,-22.49148,short,0.176370526
171128,7,1,paBlebb,1313,9.5,33.97548,1.76,2.5,0,long,0.185263158
171128,7,1,paBlebb,1315,6,21.95864,0.98384,2.5,-12.01684,short,0.163973333
171128,7,2,paBlebb,1311,19,52.85764,0,3,0,long,0
171128,7,3,paBlebb,1309,9.5,19.63588,1.39128,2,-2.59204,short,0.146450526
171128,7,4,paBlebb,1305,9.5,72.17144,0.44,3,0,long,0.046315789
171128,7,4,paBlebb,1307,9.5,22.4048,2.783,3,-49.76664,short,0.292947368
171128,7,5,paBlebb,1301,9.5,80.08968,2.3694,3,0,long,0.249410526
171128,7,5,paBlebb,1303,9.5,23.85108,6.22248,3,-56.2386,short,0.654997895
171128,7,7,paBlebb,1297,5,32.76152,0.98384,2.5,-16.7464,short,0.196768
171128,7,7,paBlebb,1299,9.5,49.50792,0.98384,2.5,0,long,0.103562105
171128,7,8,paBlebb,1293,9.5,22.87164,3.75936,3,-48.83252,short,0.395722105
171128,7,8,paBlebb,1295,9.5,71.70416,0.98384,3,0,long,0.103562105
171128,7,9,paBlebb,1290,9.5,31.76712,3.2032,2.5,-15.89588,short,0.337178947
171128,7,10,paBlebb,1286,9.5,36.8588,4.17428,2.5,0,long,0.439397895
171128,7,10,paBlebb,1288,9.5,21.21152,5.47228,2.5,-15.64728,short,0.576029474
171128,7,11,paBlebb,1284,19,28.28408,0,2.5,-7.02988,short,0
171128,7,12,paBlebb,1280,9.5,75.4886,1.58664,3,0,long,0.167014737
171128,7,12,paBlebb,1282,9.5,22.12012,3.2032,3,-53.36848,short,0.337178947
171128,7,13,paBlebb,1276,9.5,22.99308,5.2536,2.5,-24.27612,short,0.553010526
171128,7,13,paBlebb,1278,9.5,47.2692,2.2,2.5,0,long,0.231578947
171128,8,0,paBlebb,1272,19,31.71828,1.96768,3,-29.93364,short,0.103562105
171128,8,0,paBlebb,1274,5,61.65192,2.24356,3,0,long,0.448712
171128,8,1,paBlebb,1270,19,25.31276,4.79204,2.5,-5.96948,short,0.252212632
171128,8,2,paBlebb,1266,9.5,59.32872,1.24432,3,0,long,0.130981053
171128,8,2,paBlebb,1268,9.5,17.59032,5.29848,3,-41.7384,short,0.557734737
171128,8,3,paBlebb,1262,9.5,65.34968,1.32,3,0,long,0.138947368
171128,8,3,paBlebb,1264,9.5,21.42888,3.40076,3,-43.9208,short,0.357974737
171128,8,4,paBlebb,1258,9.5,55.5368,1.39128,3,0,long,0.146450526
171128,8,4,paBlebb,1260,9.5,27.56248,3.11124,3,-27.97432,short,0.327498947
171128,8,5,paBlebb,1254,9.5,77.55924,1.32,3,0,long,0.138947368
171128,8,5,paBlebb,1256,9.5,32.71004,0.88,3,-44.8492,short,0.092631579
171128,8,6,paBlebb,1250,19,37.40748,0,2.5,0,long,0
171128,8,6,paBlebb,1252,9.5,16.6188,1.39128,2.5,-20.78868,short,0.146450526
171128,8,7,paBlebb,1246,19,10.2894,3.78488,2.5,-35.3628,short,0.199204211
171128,8,7,paBlebb,1248,9.5,45.6522,1.76,2.5,0,long,0.185263158
171128,8,8,paBlebb,1242,9.5,24.12784,2.56564,2,-4.45148,short,0.270067368
171128,8,8,paBlebb,1244,6,28.57932,-0.89848,2,0,short,-0.149746667
171128,8,10,paBlebb,1238,9.5,13.42176,1.32,3,-80.31496,short,0.138947368
171128,8,10,paBlebb,1240,9.5,93.73672,0,3,0,long,0
171128,8,11,paBlebb,1234,9.5,29.60672,3.44432,3,-50.16396,short,0.36256
171128,8,11,paBlebb,1236,9.5,79.77068,0.98384,3,0,long,0.103562105
171128,8,12,paBlebb,1230,9.5,45.64164,0.62216,2.5,0,long,0.065490526
171128,8,12,paBlebb,1232,19,23.5554,0,2.5,-22.08624,short,0
171128,8,13,paBlebb,1321,9.5,67.4542,1.39128,3,0,long,0.146450526
171128,8,13,paBlebb,1323,9.5,29.68768,2.38216,3,-37.76652,short,0.250753684
171201,4,0,paBlebb,1405,19,42.54624,1.24432,2.5,0,long,0.065490526
171201,4,0,paBlebb,1407,6.5,15.60064,0.62216,2.5,-26.9456,short,0.095716923
171201,4,1,paBlebb,1401,9.5,14.6322,2.64,2,-4.81096,short,0.277894737
171201,4,1,paBlebb,1403,9,19.44316,1.86692,2,0,short,0.207435556
171201,4,2,paBlebb,1397,9.5,68.84724,2.3694,3,0,long,0.249410526
171201,4,2,paBlebb,1399,9.5,40.13592,2.64,3,-28.71132,short,0.277894737
171201,4,3,paBlebb,1395,19,37.0766,0.88,3,-14.04524,short,0.046315789
171201,4,4,paBlebb,1391,9.5,42.0552,1.24432,2.5,0,long,0.130981053
171201,4,4,paBlebb,1393,9.5,10.71488,4.33356,2.5,-31.34032,short,0.456164211
171201,4,5,paBlebb,1373,19,32.91376,0,2,0,short,0
171201,4,5,paBlebb,1375,6.5,28.32456,0.98384,2,-4.5892,short,0.15136
171201,4,6,paBlebb,1389,19,27.53212,1.58664,2.5,-21.00692,short,0.083507368
171201,4,7,paBlebb,1385,9.5,47.91556,0.98384,2.5,0,long,0.103562105
171201,4,7,paBlebb,1387,9.5,37.68028,2.95152,2.5,-10.23528,short,0.310686316
171201,4,8,paBlebb,1381,19,91.72988,0,3,0,long,0
171201,4,8,paBlebb,1383,9.5,13.63648,3.54728,3,-78.0934,short,0.373397895
171201,4,10,paBlebb,1377,5.5,30.09116,4.0678,2,0,short,0.7396
171201,4,10,paBlebb,1379,9.5,28.31048,4.74232,2,-1.78068,short,0.499191579
171201,5,0,paBlebb,1369,9.5,48.4044,1.96768,2.5,0,long,0.207124211
171201,5,0,paBlebb,1371,9.5,20.24968,0.44,2.5,-28.15472,short,0.046315789
171201,5,1,paBlebb,1365,8,17.41124,1.76,2.5,-32.15388,short,0.22
171201,5,1,paBlebb,1367,9.5,49.56512,3.54728,2.5,0,long,0.373397895
171201,5,2,paBlebb,1363,9.5,45.03268,3.78488,2.5,0,long,0.398408421
171201,5,3,paBlebb,1359,9.5,62.07916,1.32,3,0,long,0.138947368
171201,5,3,paBlebb,1361,9.5,22.88528,1.96768,3,-39.19388,short,0.207124211
171201,5,4,paBlebb,1355,9.5,20.89428,1.96768,2,-0.72688,short,0.207124211
171201,5,4,paBlebb,1357,19,21.62116,0.98384,2,0,short,0.051781053
171201,5,5,paBlebb,1351,9.5,60.52728,0,3,0,long,0
171201,5,5,paBlebb,1353,9,19.34416,0.88,3,-41.18312,short,0.097777778
171201,5,6,paBlebb,1347,9.5,58.81172,1.96768,3,0,long,0.207124211
171201,5,6,paBlebb,1349,9.5,19.74984,2.68356,3,-39.06188,short,0.28248
171201,5,7,paBlebb,1343,9.5,26.41628,2.783,2,-0.45012,short,0.292947368
171201,5,7,paBlebb,1345,19,26.8664,1.58664,2,0,short,0.083507368
171201,5,8,paBlebb,1339,19,13.87188,5.37108,2.5,-19.40356,short,0.282688421
171201,5,8,paBlebb,1341,6.5,33.27544,6.28408,2.5,0,long,0.966781538
171201,5,9,paBlebb,1335,9.5,50.26824,0.44,3,0,long,0.046315789
171201,5,9,paBlebb,1337,9.5,10.813,2.2,3,-39.45524,short,0.231578947
171201,5,10,paBlebb,1331,9.5,61.79228,1.32,3,0,long,0.138947368
171201,5,10,paBlebb,1333,5,11.94644,1.86692,3,-49.84584,short,0.373384
171201,5,11,paBlebb,1329,9.5,34.18184,2.3694,3,-21.20228,short,0.249410526
171201,5,12,paBlebb,1475,9.5,31.85864,2.18328,2.5,0,long,0.229818947
171201,5,12,paBlebb,1477,7,15.73044,1.87308,2.5,-16.1282,short,0.267582857
171201,5,13,paBlebb,1325,6,20.53084,0.98384,2,0,short,0.163973333
171201,5,13,paBlebb,1327,19,16.83924,1.32,2,-3.6916,short,0.069473684
180116,8,0,DMSO,102,9.5,19.30016,0,2.5,-12.99408,short,0
180116,8,0,DMSO,104,19,32.29424,0,2.5,0,long,0
180116,8,1,DMSO,99,9.5,34.64604,3.05888,2.5,0,long,0.321987368
180116,8,2,DMSO,95,9.5,22.83644,3.35104,2,-0.77572,short,0.352741053
180116,8,2,DMSO,97,9.5,23.61216,3.11124,2,0,short,0.327498947
180116,8,10,DMSO,90,9.5,21.78396,6.80196,3,-59.18308,short,0.715995789
180116,8,10,DMSO,92,9.5,80.96704,1.39128,3,0,long,0.146450526
180116,8,11,DMSO,86,9.5,24.17492,1.58664,3,-39.42752,short,0.167014737
180116,8,11,DMSO,88,9.5,63.60244,0.62216,3,0,long,0.065490526
180202,2,1,DMSO,362,9,21.7536,5.40408,2.5,-12.2276,short,0.600453333
180202,2,1,DMSO,364,9.5,33.9812,0.62216,2.5,0,long,0.065490526
180202,2,2,DMSO,358,3.5,13.07592,2.81732,2.5,-34.77276,short,0.804948571
180202,2,2,DMSO,360,9.5,47.84868,3.88432,2.5,0,long,0.408875789
180202,2,3,DMSO,353,9,18.98204,6.00204,2.5,-34.46828,short,0.666893333
180202,2,3,DMSO,355,8,47.26656,8.48232,2.5,-6.18376,short,1.06029
180202,2,4,DMSO,349,7.5,23.33584,5.90304,2.5,-19.4458,short,0.787072
180202,2,4,DMSO,351,3,42.78164,1.76,2.5,0,long,0.586666667
180202,2,6,DMSO,345,2,17.3492,3.11124,2.5,-24.7676,short,1.55562
180202,2,6,DMSO,347,9.5,42.1168,3.08,2.5,0,long,0.324210526
180202,2,7,DMSO,341,3,17.74168,4.9192,2.5,-29.59176,short,1.639733333
180202,2,7,DMSO,343,2.5,47.33344,3.17284,2.5,0,long,1.269136
180202,2,8,DMSO,337,4,12.947,7.96884,3,-58.08704,short,1.99221
180202,2,8,DMSO,339,9.5,71.03404,0.88,3,0,long,0.092631579
180202,2,9,DMSO,333,5.5,18.84784,4.22664,3,-49.90612,short,0.76848
180202,2,9,DMSO,335,9.5,68.75396,3.11124,3,0,long,0.327498947
180202,2,10,DMSO,329,1.5,25.1284,2.56564,2.5,-9.79308,short,1.710426667
180202,2,10,DMSO,331,6.5,34.92148,1.81412,2.5,0,long,0.279095385
180202,2,11,DMSO,325,9.5,18.9794,3.54728,2,-7.47648,short,0.373397895
180202,2,11,DMSO,327,9.5,26.45588,0.88,2,0,short,0.092631579
180202,2,12,DMSO,321,9.5,24.64132,-1.76,2,0,short,-0.185263158
180202,2,12,DMSO,323,9.5,17.78436,3.4364,2,-6.85696,short,0.361726316
180202,2,13,DMSO,317,6.5,27.4472,13.0328,3,-32.67396,short,2.005046154
180202,2,13,DMSO,319,5.5,60.12116,-0.49852,3,0,long,-0.09064
180202,3,0,DMSO,314,3,28.27792,2.56564,2,0,short,0.855213333
180202,3,1,DMSO,311,5.5,15.10344,5.40408,2,-10.64448,short,0.98256
180202,3,2,DMSO,307,7,14.75584,5.67688,2.5,-18.7924,short,0.810982857
180202,3,2,DMSO,309,3,33.54824,2.2,2.5,0,long,0.733333333
180202,3,3,DMSO,303,9.5,11.9196,1.58664,2.5,-31.28268,short,0.167014737
180202,3,3,DMSO,305,1.5,43.20228,0,2.5,0,long,0
180202,3,4,DMSO,299,9.5,17.28496,2.84768,2.5,-24.07636,short,0.299755789
180202,3,4,DMSO,301,9.5,41.36132,1.24432,2.5,0,long,0.130981053
180202,3,5,DMSO,295,4,14.04568,1.24432,2.5,-25.9688,short,0.31108
180202,3,5,DMSO,297,6,40.01448,2.783,2.5,0,long,0.463833333
180202,3,6,DMSO,291,9.5,20.6822,0.98384,3,-55.24332,short,0.103562105
180202,3,6,DMSO,293,9.5,75.92552,0.88,3,0,long,0.092631579
180202,3,7,DMSO,287,5.5,18.26352,3.17284,2.5,-30.9496,short,0.57688
180202,3,7,DMSO,289,9.5,49.21312,2.24356,2.5,0,long,0.236164211
180202,3,8,DMSO,283,9.5,28.501,2.64,3,-34.5686,short,0.277894737
180202,3,8,DMSO,285,9.5,63.0696,0.62216,3,0,long,0.065490526
180202,3,9,DMSO,279,9.5,23.77672,4.422,3,-45.62052,short,0.465473684
180202,3,9,DMSO,281,9.5,69.39724,0.62216,3,0,long,0.065490526
180202,3,10,DMSO,275,6.5,36.55564,3.7334,2,0,short,0.574369231
180202,3,10,DMSO,277,6.5,31.78692,2.48908,2,-4.76872,short,0.382935385
180202,3,12,DMSO,271,9.5,31.95588,0,2.5,0,long,0
180202,3,12,DMSO,273,9.5,23.54528,5.35304,2.5,-8.4106,short,0.563477895
180202,3,13,DMSO,267,9.5,23.18184,4.6772,2.5,-15.323,short,0.492336842
180202,3,13,DMSO,269,9,38.50484,3.96,2.5,0,long,0.44
180202,7,3,taxol,408,9.5,18.28332,1.32,2.5,-13.96032,short,0.138947368
180202,7,3,taxol,410,9.5,32.24364,3.11124,2.5,0,long,0.327498947
180202,7,4,taxol,404,9.5,15.32696,0,3,-37.51968,short,0
180202,7,4,taxol,406,19,52.84664,0,3,0,long,0
180202,7,5,taxol,400,9,18.11876,2.48908,3,-53.3324,short,0.276564444
180202,7,5,taxol,402,9.5,71.45116,0,3,0,long,0
180202,7,6,taxol,395,9.5,17.02272,1.24432,2.5,-30.16948,short,0.130981053
180202,7,6,taxol,397,9.5,47.1922,0.44,2.5,0,long,0.046315789
180202,7,7,taxol,391,9.5,23.5818,0,3,-63.57428,short,0
180202,7,7,taxol,393,9.5,87.15608,0,3,0,long,0
180202,7,8,taxol,387,8.5,18.47736,1.76,2,-7.53104,short,0.207058824
180202,7,8,taxol,389,9.5,26.0084,1.24432,2,0,short,0.130981053
180202,7,9,taxol,383,9.5,11.34276,2.2,2.5,-22.72776,short,0.231578947
180202,7,9,taxol,385,9.5,34.07052,0.98384,2.5,0,long,0.103562105
180202,7,10,taxol,379,9.5,14.75232,0.62216,3,-38.92724,short,0.065490526
180202,7,10,taxol,381,9.5,53.67956,1.58664,3,0,long,0.167014737
180202,7,11,taxol,375,9.5,18.6032,2.2,2.5,-29.51256,short,0.231578947
180202,7,11,taxol,377,9.5,48.11576,1.76,2.5,0,long,0.185263158
180202,7,12,taxol,370,9.5,40.25604,-1.089,2.5,0,long,-0.114631579
180202,7,12,taxol,372,9.5,16.77324,-0.45364,2.5,-23.4828,short,-0.047751579
180202,7,13,taxol,366,9.5,9.95588,1.24432,2.5,-25.3374,short,0.130981053
180202,7,13,taxol,368,9.5,35.29328,0,2.5,0,long,0
180206,1,1,DMSO,547,9.5,20.25364,2.2,3,-32.41216,short,0.231578947
180206,1,1,DMSO,549,9.5,52.6658,0,3,0,long,0
180206,1,2,DMSO,543,9,33.59444,5.49384,3,-18.36208,short,0.610426667
180206,1,2,DMSO,545,9.5,51.95652,2.64,3,0,long,0.277894737
180206,1,3,DMSO,539,9.5,18.52576,3.4364,2,-10.05752,short,0.361726316
180206,1,3,DMSO,541,9.5,28.58328,2.67652,2,0,short,0.281738947
180206,1,4,DMSO,535,5,10.57848,3.17284,2.5,-32.97624,short,0.634568
180206,1,4,DMSO,537,9.5,43.55472,2.48908,2.5,0,long,0.262008421
180206,1,5,DMSO,531,8,20.23208,3.96,2,-6.77424,short,0.495
180206,1,5,DMSO,533,8.5,27.00632,3.93536,2,0,short,0.462983529
180206,1,6,DMSO,527,9.5,21.75624,1.58664,3,-30.69088,short,0.167014737
180206,1,6,DMSO,529,9,52.44712,1.96768,3,0,long,0.218631111
180206,1,8,DMSO,523,9.5,21.16136,6.54104,3,-29.75632,short,0.688530526
180206,1,8,DMSO,525,8,50.91768,3.78488,3,0,long,0.47311
180206,1,10,DMSO,519,7,15.7652,5.01688,2,-10.79892,short,0.716697143
180206,1,10,DMSO,521,6.5,26.56412,2.2,2,0,short,0.338461538
180206,1,12,DMSO,507,8.5,25.44828,2.2,3,-39.6616,short,0.258823529
180206,1,12,DMSO,509,9.5,65.10988,0.62216,3,0,long,0.065490526
180206,1,13,DMSO,515,9.5,26.60592,4.33356,3,-23.45948,short,0.456164211
180206,1,13,DMSO,517,7.5,50.0654,4.43256,3,0,long,0.591008
180206,2,0,DMSO,511,6,22.41976,5.5132,3,-37.64816,short,0.918866667
180206,2,0,DMSO,513,9.5,60.06792,0,3,0,long,0
180206,2,1,DMSO,504,9.5,39.0566,1.24432,2.5,0,long,0.130981053
180206,2,2,DMSO,499,8,32.1354,6.34568,3,-24.783,short,0.79321
180206,2,2,DMSO,501,9.5,56.9184,-0.36916,3,0,long,-0.038858947
180206,2,3,DMSO,495,9.5,25.64364,3.96,3,-33.6006,short,0.416842105
180206,2,3,DMSO,497,9.5,59.24424,2.2,3,0,long,0.231578947
180206,2,4,DMSO,491,9.5,22.47564,4.37976,2.5,-25.96616,short,0.461027368
180206,2,4,DMSO,493,9,48.4418,1.32,2.5,0,long,0.146666667
180206,2,5,DMSO,487,8,17.63432,5.28,3,-49.79392,short,0.66
180206,2,5,DMSO,489,9.5,67.42824,1.58664,3,0,long,0.167014737
180206,2,7,DMSO,483,5,24.3188,1.58664,3,-27.58668,short,0.317328
180206,2,7,DMSO,485,9.5,51.90548,1.81412,3,0,long,0.19096
180206,2,8,DMSO,479,9,21.153,4.17428,3,-33.09152,short,0.463808889
180206,2,8,DMSO,481,9.5,54.24452,0.98384,3,0,long,0.103562105
180206,2,9,DMSO,475,7,30.18576,4.84,3,-28.20532,short,0.691428571
180206,2,9,DMSO,477,9.5,58.39108,4.35556,3,0,long,0.45848
180206,2,10,DMSO,471,9.5,19.93552,4.6442,3,-57.92248,short,0.488863158
180206,2,10,DMSO,473,9.5,77.858,0.62216,3,0,long,0.065490526
180206,2,11,DMSO,904,9.5,25.9842,0.62216,2.5,-12.02652,short,0.065490526
180206,2,11,DMSO,906,9.5,38.01072,1.58664,2.5,0,long,0.167014737
180206,2,12,DMSO,902,9.5,53.61092,0,3,0,long,0
180206,2,13,DMSO,467,9,18.12756,2.56564,2.5,-27.8124,short,0.285071111
180206,2,13,DMSO,469,3,45.93996,2.24356,2.5,0,long,0.747853333
180209,5,1,DMSO,701,8.5,21.30788,8.38288,3,-31.99988,short,0.986221176
180209,5,1,DMSO,703,9.5,53.30776,0.62216,3,0,long,0.065490526
180209,5,2,DMSO,697,6.5,33.66044,1.58664,2,-2.9986,short,0.244098462
180209,5,2,DMSO,699,5.5,36.65904,2.2,2,0,short,0.4
180209,5,4,DMSO,693,9.5,17.90844,1.39128,3,-37.48756,short,0.146450526
180209,5,4,DMSO,695,9.5,55.396,-0.56628,3,0,long,-0.059608421
180209,5,7,DMSO,690,4,45.20428,3.17284,2.5,0,long,0.79321
180209,5,8,DMSO,686,6,26.6442,2.63604,3,-54.64052,short,0.43934
180209,5,8,DMSO,688,9.5,81.28472,0.98384,3,0,long,0.103562105
180209,5,9,DMSO,682,7,30.60508,5.84012,2,0,short,0.834302857
180209,5,9,DMSO,684,3,25.751,1.39128,2,-4.85408,short,0.46376
180209,5,10,DMSO,678,4,38.85464,0,2.5,0,long,0
180209,5,10,DMSO,680,9.5,25.58864,2.24356,2.5,-13.266,short,0.236164211
180209,5,12,DMSO,674,9.5,21.52304,1.24432,2,-5.59724,short,0.130981053
180209,5,12,DMSO,676,9.5,27.12028,0.98384,2,0,short,0.103562105
180209,5,13,DMSO,670,3.5,18.60848,3.11124,2.5,-17.00996,short,0.888925714
180209,5,13,DMSO,672,5,35.61844,0,2.5,0,long,0
180209,6,0,DMSO,666,5,13.46664,1.32,2.5,-25.45884,short,0.264
180209,6,0,DMSO,668,9.5,38.92548,2.95152,2.5,0,long,0.310686316
180209,6,2,DMSO,662,4,13.24928,3.17284,2,-2.46048,short,0.79321
180209,6,2,DMSO,664,6.5,15.70976,3.11124,2,0,short,0.478652308
180209,6,4,DMSO,658,9.5,14.02456,3.11124,2.5,-31.65976,short,0.327498947
180209,6,4,DMSO,660,9.5,45.68432,2.64,2.5,0,long,0.277894737
180209,6,5,DMSO,654,4.5,24.77024,3.4364,3,-41.09336,short,0.763644444
180209,6,5,DMSO,656,7.5,65.8636,0.88,3,0,long,0.117333333
180209,6,6,DMSO,650,3,30.97116,2.56564,2.5,-8.29488,short,0.855213333
180209,6,6,DMSO,652,9,39.26604,1.32,2.5,0,long,0.146666667
180209,6,7,DMSO,646,9.5,45.7116,3.54728,2.5,0,long,0.373397895
180209,6,7,DMSO,648,8,23.40404,5.4406,2.5,-22.30756,short,0.680075
180209,6,8,DMSO,642,7,15.71812,1.32,2.5,-27.55236,short,0.188571429
180209,6,8,DMSO,644,8.5,43.27048,4.0568,2.5,0,long,0.477270588
180209,6,9,DMSO,638,9.5,17.27924,3.52,2.5,-24.51768,short,0.370526316
180209,6,9,DMSO,640,9.5,41.79692,0,2.5,0,long,0
180209,6,10,DMSO,634,7,15.80788,5.01688,2.5,-16.03712,short,0.716697143
180209,6,10,DMSO,636,3.5,31.845,3.52,2.5,0,long,1.005714286
180209,6,11,DMSO,630,9.5,13.99508,2.2,2.5,-16.26548,short,0.231578947
180209,6,11,DMSO,632,9.5,30.26056,1.58664,2.5,0,long,0.167014737
180209,6,12,DMSO,626,9.5,46.46708,1.96768,2.5,0,long,0.207124211
180209,6,12,DMSO,628,9.5,14.82536,1.81412,2.5,-31.64172,short,0.19096
180209,6,13,DMSO,622,8,28.86752,3.11124,2,0,short,0.388905
180209,6,13,DMSO,624,8.5,18.39992,2.81732,2,-10.4676,short,0.331449412
180209,7,2,taxol,618,9.5,19.59672,1.86692,2.5,-19.26496,short,0.196517895
180209,7,2,taxol,620,9.5,38.86168,3.9842,2.5,0,long,0.419389474
180209,7,3,taxol,613,9.5,18.96796,1.32,2,-15.56676,short,0.138947368
180209,7,3,taxol,615,9.5,34.53472,-0.935,2,0,short,-0.098421053
180209,7,5,taxol,609,4.5,33.45584,3.17284,2.5,0,long,0.705075556
180209,7,5,taxol,611,9.5,25.12356,2.48908,2.5,-8.33228,short,0.262008421
180209,7,6,taxol,605,9.5,19.57164,4.17428,2,0,short,0.439397895
180209,7,6,taxol,607,9.5,19.02208,1.32,2,-0.54956,short,0.138947368
180209,7,7,taxol,601,8,20.54976,1.76,2.5,-17.22644,short,0.22
180209,7,7,taxol,603,9.5,37.7762,0,2.5,0,long,0
180209,7,9,taxol,597,9.5,17.49792,2.24356,2.5,-16.11676,short,0.236164211
180209,7,9,taxol,599,9.5,33.61468,1.81412,2.5,0,long,0.19096
180209,7,10,taxol,593,9.5,16.74156,0.98384,2,-6.23084,short,0.103562105
180209,7,10,taxol,595,6.5,22.9724,5.63464,2,0,short,0.866867692
180209,7,12,taxol,588,9.5,14.46896,3.4364,3,-59.15316,short,0.361726316
180209,7,12,taxol,590,9.5,73.62212,0,3,0,long,0
180209,7,13,taxol,583,9.5,9.18236,1.96768,3,-42.6888,short,0.207124211
180209,7,13,taxol,585,9.5,51.87116,0,3,0,long,0
180209,8,0,taxol,579,6,23.49908,1.86692,2.5,-10.78748,short,0.311153333
180209,8,0,taxol,581,9.5,34.28656,1.58664,2.5,0,long,0.167014737
180209,8,1,taxol,575,9.5,18.74312,1.39128,2.5,-13.79268,short,0.146450526
180209,8,1,taxol,577,9.5,32.5358,1.24432,2.5,0,long,0.130981053
180209,8,2,taxol,571,9.5,21.34748,1.24432,2.5,-16.15548,short,0.130981053
180209,8,2,taxol,573,9.5,37.50296,0,2.5,0,long,0
180209,8,3,taxol,567,9.5,23.4828,1.24432,2,-5.55016,short,0.130981053
180209,8,3,taxol,569,9.5,29.03296,1.39128,2,0,short,0.146450526
180209,8,5,taxol,897,9.5,20.15728,1.96768,3,-29.95872,short,0.207124211
180209,8,5,taxol,899,9.5,50.116,0.44,3,0,long,0.046315789
180209,8,6,taxol,893,9.5,22.31152,2.64,2,0,short,0.277894737
180209,8,6,taxol,895,9.5,19.14308,0,2,-3.16844,short,0
180209,8,7,taxol,889,9.5,33.16632,1.39128,2,-6.83936,short,0.146450526
180209,8,7,taxol,891,9.5,38.2998,0.98384,2,-1.70588,short,0.103562105
180209,8,7,taxol,1641,9.5,30.81628,1.24828,2,-9.1894,short,0.131397895
180209,8,7,taxol,1643,9.5,35.67564,0.29436,2,-4.33004,short,0.030985263
180209,8,8,taxol,885,9,13.04116,0.88,2,-13.57532,short,0.097777778
180209,8,8,taxol,887,3,23.81104,1.58664,2,-2.80544,short,0.52888
180209,8,8,taxol,1646,4,23.2584,1.86076,2,-3.35808,short,0.46519
180209,8,8,taxol,1648,4,11.30624,1.68828,2,-15.31024,short,0.42207
180209,8,9,taxol,881,9.5,24.97572,1.76,2.5,-21.39016,short,0.185263158
180209,8,9,taxol,883,9.5,46.36588,0.62216,2.5,0,long,0.065490526
180209,8,10,taxol,877,9.5,22.7678,0.98384,2,-5.17836,short,0.103562105
180209,8,10,taxol,879,9.5,27.94616,1.96768,2,0,short,0.207124211
180209,8,11,taxol,865,9.5,24.04116,2.783,2.5,-15.235,short,0.292947368
180209,8,11,taxol,867,9.5,39.27616,0.98384,2.5,0,long,0.103562105
180209,8,12,taxol,873,9.5,21.0166,3.08,3,-65.81828,short,0.324210526
180209,8,12,taxol,875,9.5,86.83488,1.58664,3,0,long,0.167014737
180209,8,14,taxol,869,5,22.68024,1.24432,2.5,-19.55536,short,0.248864
180209,8,14,taxol,871,9.5,42.2356,0.98384,2.5,0,long,0.103562105
180213,1,0,DMSO,981,5,10.61456,3.11124,2,-4.0722,short,0.622248
180213,1,0,DMSO,983,6,14.68676,3.2032,2,0,short,0.533866667
180213,1,1,DMSO,977,9.5,17.67612,3.35104,2,-6.61144,short,0.352741053
180213,1,1,DMSO,979,6.5,24.28756,4.0568,2,0,short,0.624123077
180213,1,3,DMSO,973,9.5,19.47528,8.11844,2,0,short,0.854572632
180213,1,3,DMSO,975,6.5,15.41804,5.38296,2,-4.05724,short,0.828147692
180213,1,4,DMSO,970,9.5,42.23956,5.90304,2.5,-8.8286,short,0.621372632
180213,1,5,DMSO,966,7,31.6052,2.2,2.5,-7.00392,short,0.314285714
180213,1,5,DMSO,968,6,38.60912,4.88356,2.5,0,long,0.813926667
180213,1,6,DMSO,962,6,15.99048,5.90304,2,-8.24076,short,0.98384
180213,1,6,DMSO,964,6,24.23124,2.95152,2,0,short,0.49192
180213,1,8,DMSO,955,9.5,10.9142,0.88,2,-3.7994,short,0.092631579
180213,1,8,DMSO,957,9.5,14.7136,7.09588,2,0,short,0.746934737
180213,1,9,DMSO,959,3,33.46816,1.24432,2,0,short,0.414773333
180213,2,1,DMSO,951,6,34.69752,3.52,3,-26.10432,short,0.586666667
180213,2,1,DMSO,953,9.5,60.80184,3.08,3,0,long,0.324210526
180213,2,2,DMSO,947,3,22.6688,2.3694,2.5,-21.65064,short,0.7898
180213,2,2,DMSO,949,3.5,44.31944,4.0568,2.5,0,long,1.159085714
180213,2,3,DMSO,944,3,22.81444,0,2,-6.6638,short,0
180213,2,4,DMSO,940,6.5,21.54152,2.67652,3,-31.22636,short,0.411772308
180213,2,4,DMSO,942,9.5,52.76788,2.81732,3,0,long,0.29656
180213,2,6,DMSO,936,6.5,23.49908,5.01688,2,0,short,0.771827692
180213,2,6,DMSO,938,9.5,21.54064,3.93536,2,-1.95844,short,0.414248421
180213,2,7,DMSO,932,5.5,54.76328,1.96768,3,0,long,0.35776
180213,2,8,DMSO,928,4,23.0494,3.54728,2.5,-20.07148,short,0.88682
180213,2,8,DMSO,930,4,43.12088,4.48712,2.5,0,long,1.12178
180213,2,11,DMSO,924,6,21.75712,6.88688,3,-45.9954,short,1.147813333
180213,2,11,DMSO,926,9.5,67.75252,-0.46992,3,0,long,-0.049465263
180213,2,12,DMSO,920,4.5,19.74016,4.45412,2,-2.4002,short,0.989804444
180213,2,12,DMSO,922,9.5,22.14036,3.62824,2,0,short,0.38192
180213,2,13,DMSO,916,11,10.20404,-1.58004,2,-5.24744,short,-0.14364
180213,2,13,DMSO,918,4.5,15.45148,1.86692,2,0,short,0.414871111
180220,1,6,DMSO,2026,9.5,51.64148,-0.74316,3,0,long,-0.078227368
180220,1,6,DMSO,2028,9.5,13.5168,3.92612,3,-38.12468,short,0.413275789
180220,1,8,DMSO,2021,4,53.24352,-1.54968,3,0,long,-0.38742
180220,1,8,DMSO,2023,9.5,31.72884,7.27276,3,-21.51468,short,0.765553684
180220,1,12,DMSO,2016,9.5,21.57452,2.66464,2.5,-11.76076,short,0.280488421
180220,1,12,DMSO,2018,3.5,16.0842,0,2.5,-17.25108,short,0
180220,3,0,paBlebb,1433,9.5,81.81448,0,3,0,long,0
180220,3,0,paBlebb,1435,9.5,20.64304,0.62216,3,-61.17144,short,0.065490526
180220,3,2,paBlebb,1428,9.5,77.8052,0,3,0,long,0
180220,3,2,paBlebb,1430,9.5,20.32404,0.88,3,-57.48116,short,0.092631579
180220,3,3,paBlebb,1423,9.5,33.30756,0.98384,2,0,short,0.103562105
180220,3,3,paBlebb,1425,9.5,23.9294,2.67652,2,-9.37816,short,0.281738947
180220,3,4,paBlebb,1418,9.5,58.49888,0,3,0,long,0
180220,3,4,paBlebb,1420,9.5,24.80588,5.01688,3,-33.693,short,0.528092632
180220,3,5,paBlebb,1413,9.5,46.09968,1.39128,2.5,0,long,0.146450526
180220,3,5,paBlebb,1415,5.5,36.49712,1.39128,2.5,-9.60256,short,0.25296
180220,3,6,paBlebb,1408,9.5,38.08244,0.44,2.5,0,long,0.046315789
180220,3,6,paBlebb,1410,9.5,22.6292,1.58664,2.5,-15.45324,short,0.167014737
180220,3,7,paBlebb,1462,9.5,47.55784,2.2,3,-10.0474,short,0.231578947
180220,3,8,paBlebb,1459,9.5,52.91968,1.96768,2.5,0,long,0.207124211
180220,3,9,paBlebb,1455,9.5,59.58524,0,3,0,long,0
180220,3,9,paBlebb,1457,3.5,22.506,2.90664,3,-37.07924,short,0.830468571
180220,3,10,paBlebb,1452,9.5,34.1858,0.44,2.5,0,long,0.046315789
180220,3,11,paBlebb,1447,4,28.71572,1.96768,2,-2.49348,short,0.49192
180220,3,11,paBlebb,1449,5.5,22.32032,-0.71544,2,-8.88888,short,-0.13008
180220,3,12,paBlebb,1442,9.5,55.93984,0.98384,3,0,long,0.103562105
180220,3,12,paBlebb,1444,9.5,11.89188,0.62216,3,-44.04796,short,0.065490526
180220,3,13,paBlebb,1437,9.5,48.4352,0.44,2,0,short,0.046315789
180220,3,13,paBlebb,1439,9.5,33.7502,0.44,2,-14.685,short,0.046315789
180601,5,0,DMSO,1706,9.5,39.31224,4.99576,2,0,short,0.525869474
180601,5,0,DMSO,1708,9.5,35.10628,2.40108,2,-4.20596,short,0.252745263
180601,5,1,DMSO,1701,9.5,25.89136,4.12456,2.5,-6.90492,short,0.434164211
180601,5,1,DMSO,1703,9.5,25.7202,1.17568,2.5,-7.07608,short,0.123755789
180601,5,3,DMSO,1696,8.5,35.37732,2.684,2,-10.23836,short,0.315764706
180601,5,3,DMSO,1698,8.5,44,3.72196,2,-1.61568,short,0.437877647
180601,5,4,DMSO,1691,9,47.7334,2.90708,2,0,short,0.323008889
180601,5,4,DMSO,1693,6,28.97576,2.76936,2,-18.75764,short,0.46156
180601,5,5,DMSO,1686,9.5,64.0904,2.22024,3,0,long,0.233709474
180601,5,5,DMSO,1688,9.5,38.59108,4.0876,3,-25.49932,short,0.430273684
180601,5,6,DMSO,1682,3,15.15624,3.82844,2,-2.07988,short,1.276146667
180601,5,6,DMSO,1684,9.5,17.23612,2.79136,2,0,short,0.293827368
180601,5,7,DMSO,1677,9.5,31.21404,10.38576,2.5,-19.00756,short,1.093237895
180601,5,7,DMSO,1679,8.5,50.2216,2.48292,2.5,0,long,0.292108235
180601,5,8,DMSO,1673,4,52.57956,1.84712,3,0,long,0.46178
180601,5,8,DMSO,1675,9.5,27.3856,9.1212,3,-25.19396,short,0.960126316
180601,5,9,DMSO,1669,9.5,30.53468,0,2.5,0,long,0
180601,5,9,DMSO,1671,9.5,25.16008,0,2.5,-5.3746,short,0
180601,5,10,DMSO,1664,20,38.32884,5.53476,2,0,short,0.276738
180601,5,10,DMSO,1666,6.5,27.5858,2.24796,2,-10.74304,short,0.34584
180601,5,11,DMSO,1659,9.5,31.45252,6.07508,3,-22.83336,short,0.639482105
180601,5,11,DMSO,1661,8,25.20584,5.04328,3,-29.08004,short,0.63041
180601,5,12,DMSO,1655,9.5,53.60828,3.00696,3,0,long,0.316522105
180601,5,12,DMSO,1657,9.5,36.36248,1.62008,3,-17.2458,short,0.170534737
180601,5,13,DMSO,1651,9.5,56.5686,1.3244,3,0,long,0.139410526
180601,5,13,DMSO,1653,9.5,21.35056,4.037,3,-35.21804,short,0.424947368
180717,1,0,DMSO,1742,5.5,22.87824,2.94184,2,0,short,0.53488
180717,1,1,DMSO,1739,6,39.9762,0,2.5,0,long,0
180717,1,2,DMSO,1734,3,32.66868,2.7962,2.5,0,long,0.932066667
180717,1,2,DMSO,1736,9.5,14.29076,1.24872,2.5,-18.37792,short,0.131444211
180717,1,3,DMSO,1730,9.5,22.99396,1.97384,2,0,short,0.207772632
180717,1,3,DMSO,1732,9.5,18.909,4.16944,2,-4.08496,short,0.438888421
180717,1,5,DMSO,1725,9.5,30.1554,1.01684,2.5,-5.26196,short,0.107035789
180717,1,5,DMSO,1727,9.5,28.8926,0,2.5,-6.52476,short,0
180717,1,6,DMSO,1720,9.5,28.07552,3.30132,2,0,short,0.347507368
180717,1,6,DMSO,1722,9.5,14.44608,2.54584,2,-13.62944,short,0.267983158
180717,1,8,DMSO,1715,5,39.51376,2.53132,2.5,0,long,0.506264
180717,1,8,DMSO,1717,9.5,18.32292,3.58468,2.5,-21.19084,short,0.377334737
180717,1,13,DMSO,1710,9.5,43.03992,0,2.5,0,long,0
180717,1,13,DMSO,1712,8,12.1792,4.0722,2.5,-30.86072,short,0.509025
180724,1,0,DMSO,1799,9.5,24.45476,2.55816,2,0,short,0.26928
180724,1,0,DMSO,1801,4.5,22.31504,1.34288,2,-2.13972,short,0.298417778
180724,1,1,DMSO,1794,2.5,45.57872,1.55892,2.5,0,long,0.623568
180724,1,1,DMSO,1796,5.5,26.22928,1.83084,2.5,-19.34944,short,0.33288
180724,1,2,DMSO,1789,5.5,29.6846,1.64868,2.5,-9.27388,short,0.29976
180724,1,2,DMSO,1791,6,27.55368,1.2826,2.5,-11.4048,short,0.213766667
180724,1,3,DMSO,1784,9.5,43.44868,5.08596,2.5,0,long,0.535364211
180724,1,3,DMSO,1786,9.5,28.6704,6.96476,2.5,-14.77828,short,0.733132632
180724,1,4,DMSO,1780,9,18.3238,-0.66528,2,-0.72204,short,-0.07392
180724,1,4,DMSO,1782,9.5,19.04584,1.5048,2,0,short,0.1584
180724,1,5,DMSO,1776,2,19.4656,6.02668,2.5,-10.71752,short,3.01334
180724,1,5,DMSO,1778,3.5,30.18312,3.8742,2.5,0,long,1.106914286
180724,1,6,DMSO,1772,9.5,26.49812,5.9642,2,0,short,0.627810526
180724,1,6,DMSO,1774,4.5,12.51536,5.28748,2,-13.98276,short,1.174995556
180724,1,7,DMSO,1768,7,25.6454,-0.99616,2,0,short,-0.142308571
180724,1,7,DMSO,1770,9.5,21.89396,6.25196,2,-3.75144,short,0.658101053
180724,1,8,DMSO,1764,9.5,17.07112,1.59016,2.5,-16.51672,short,0.167385263
180724,1,8,DMSO,1766,9.5,33.58784,0,2.5,0,long,0
180724,1,10,DMSO,1759,9.5,25.68016,6.27748,2.5,-7.66744,short,0.660787368
180724,1,10,DMSO,1761,9.5,33.3476,1.2694,2.5,0,long,0.133621053
180724,1,11,DMSO,1755,9.5,11.1518,4.9676,2,-1.21308,short,0.522905263
180724,1,11,DMSO,1757,9.5,12.36488,3.92436,2,0,short,0.413090526
180724,1,12,DMSO,1750,3.5,23.6896,2.26072,2,0,short,0.64592
180724,1,12,DMSO,1752,3.5,13.3232,-1.57124,2,-10.3664,short,-0.448925714
180724,1,13,DMSO,1745,9.5,33.61556,1.18448,2.5,0,long,0.124682105
180724,1,13,DMSO,1747,9.5,25.36468,4.08364,2.5,-8.25088,short,0.429856842
180803,3,0,DMSO,1846,9,31.44372,8.4414,2.5,0,long,0.937933333
180803,3,0,DMSO,1848,9.5,21.66472,8.48936,2.5,-9.779,short,0.893616842
180803,3,1,DMSO,1841,9.5,20.59904,2.20572,2,0,short,0.232181053
180803,3,1,DMSO,1843,9.5,10.98108,4.39252,2,-9.61796,short,0.462370526
180803,3,2,DMSO,1836,4.5,43.58156,0,2.5,0,long,0
180803,3,2,DMSO,1838,9.5,32.3906,3.13412,2.5,-11.19096,short,0.329907368
180803,3,3,DMSO,1832,9.5,19.15716,1.08504,2,0,short,0.114214737
180803,3,3,DMSO,1834,9.5,11.82192,1.02784,2,-7.33524,short,0.108193684
180803,3,7,DMSO,1827,9.5,37.18,7.31676,2,0,short,0.770185263
180803,3,7,DMSO,1829,9.5,22.7282,1.18492,2,-14.4518,short,0.124728421
180803,3,9,DMSO,1822,4,32.73908,2.77508,2.5,0,long,0.69377
180803,3,9,DMSO,1824,7.5,21.81784,7.30576,2.5,-10.92124,short,0.974101333
180803,3,10,DMSO,1817,9.5,43.68496,2.91104,2.5,0,long,0.306425263
180803,3,10,DMSO,1819,9.5,19.48584,3.59876,2.5,-24.19912,short,0.378816842
180803,3,11,DMSO,1813,9.5,13.2132,5.62584,2,-2.37688,short,0.592193684
180803,3,11,DMSO,1815,5,15.59008,4.74276,2,0,short,0.948552
180803,3,12,DMSO,1808,9.5,35.97264,0.38588,2.5,0,long,0.040618947
180803,3,12,DMSO,1810,9.5,19.50476,1.06392,2.5,-16.46788,short,0.111991579
180803,3,13,DMSO,1803,9.5,39.90932,1.24432,2.5,0,long,0.130981053
180803,3,13,DMSO,1805,9.5,21.7932,8.75468,2.5,-18.11612,short,0.921545263
180803,4,0,DMSO,2011,9,41.77756,1.58444,2.5,0,long,0.176048889
180803,4,0,DMSO,2013,5.5,20.30908,5.92284,2.5,-21.46848,short,1.07688
180803,4,1,DMSO,2007,9.5,40.89448,1.37368,2.5,0,long,0.144597895
180803,4,1,DMSO,2009,9.5,19.90692,1.78992,2.5,-20.98756,short,0.188412632
180803,4,2,DMSO,2002,9.5,33.35508,3.07208,2,-1.78552,short,0.323376842
180803,4,2,DMSO,2004,9.5,32.2608,3.82492,2,-2.8798,short,0.402623158
180803,4,3,DMSO,1997,9.5,28.2942,5.5858,2,0,short,0.587978947
180803,4,3,DMSO,1999,9.5,21.44252,4.37404,2,-6.85168,short,0.460425263
180803,4,6,DMSO,1992,9.5,61.27308,1.30284,3,0,long,0.137141053
180803,4,6,DMSO,1994,9.5,14.06636,7.08928,3,-47.20672,short,0.74624
180803,4,7,DMSO,1987,9.5,43.59696,0,2.5,0,long,0
180803,4,7,DMSO,1989,9.5,15.4308,5.19244,2.5,-28.16616,short,0.546572632
180803,4,9,DMSO,1982,9.5,49.36536,1.177,2.5,0,long,0.123894737
180803,4,9,DMSO,1984,9.5,23.7292,2.14192,2.5,-25.63616,short,0.225465263
180803,4,10,DMSO,1977,9.5,36.3968,2.64484,2.5,0,long,0.278404211
180803,4,11,DMSO,1973,3.5,32.6766,2.61184,2.5,0,long,0.74624
180803,4,11,DMSO,1975,20,19.64468,1.71072,2.5,-13.03192,short,0.085536
180803,4,12,DMSO,1968,9.5,35.46004,0.92092,2.5,0,long,0.096938947
180803,4,12,DMSO,1970,9.5,13.05172,1.21308,2.5,-22.40832,short,0.127692632
180803,4,13,DMSO,1964,3,45.09692,1.2958,2.5,0,long,0.431933333
180803,4,13,DMSO,1966,9.5,27.60912,6.40508,2.5,-17.4878,short,0.674218947
180810,2,0,DMSO,1892,5.5,61.91548,6.42048,3,0,long,1.16736
180810,2,0,DMSO,1894,9.5,25.3968,1.93204,3,-36.51868,short,0.203372632
180810,2,2,DMSO,1887,6,49.95936,0,2.5,-6.82528,short,0
180810,2,2,DMSO,1889,9.5,43.31624,6.36152,2.5,-13.4684,short,0.669633684
180810,2,3,DMSO,1882,9.5,18.81704,4.34236,2,-1.94392,short,0.457090526
180810,2,3,DMSO,1884,9.5,19.72388,1.1726,2,-1.03708,short,0.123431579
180810,2,4,DMSO,1877,9.5,44.63844,5.41464,2,0,short,0.569962105
180810,2,4,DMSO,1879,8,40.89404,2.5564,2,-3.7444,short,0.31955
180810,2,5,DMSO,1873,9.5,53.46924,3.55564,3,0,long,0.374277895
180810,2,5,DMSO,1875,9.5,26.76212,10.08656,3,-26.70712,short,1.061743158
180810,2,6,DMSO,1868,9.5,43.6458,0,2.5,0,long,0
180810,2,6,DMSO,1870,9.5,15.22752,2.81644,2.5,-28.41828,short,0.296467368
180810,2,7,DMSO,1864,3,25.32816,3.31408,2,0,short,1.104693333
180810,2,7,DMSO,1866,4,15.84792,7.18608,2,-9.48024,short,1.79652
180810,2,9,DMSO,1859,9.5,51.39156,1.91576,2.5,0,long,0.201658947
180810,2,9,DMSO,1861,5.5,45.69224,1.58664,2.5,-5.69932,short,0.28848
180810,2,12,DMSO,1854,9.5,41.9364,4.09068,2,-0.52492,short,0.430597895
180810,2,12,DMSO,1856,9.5,29.61376,7.30356,2,-12.84756,short,0.768795789
180810,2,13,DMSO,1850,9.5,19.23064,5.1876,2,0,short,0.546063158
180810,2,13,DMSO,1852,9.5,17.05572,1.45332,2,-2.17492,short,0.152981053
180814,2,0,DMSO,1959,9.5,33.83468,0.374,2.5,0,long,0.039368421
180814,2,0,DMSO,1961,9.5,20.95236,3.50108,2.5,-12.88232,short,0.368534737
180814,2,1,DMSO,1954,9.5,43.87108,0.9306,2.5,0,long,0.097957895
180814,2,1,DMSO,1956,9.5,15.6068,3.15832,2.5,-28.26428,short,0.332454737
180814,2,2,DMSO,1949,9.5,17.63872,2.5036,2,-1.16512,short,0.263536842
180814,2,2,DMSO,1951,7,17.7364,4.37536,2,-1.06744,short,0.625051429
180814,2,3,DMSO,1944,9.5,47.95296,1.57916,2.5,0,long,0.166227368
180814,2,3,DMSO,1946,9.5,24.6422,3.42364,2.5,-23.31076,short,0.360383158
180814,2,4,DMSO,1940,4,35.88816,1.90036,2.5,0,long,0.47509
180814,2,4,DMSO,1942,8.5,16.1722,3.72108,2.5,-19.71596,short,0.437774118
180814,2,5,DMSO,1937,4.5,28.73772,2.60524,2,0,short,0.578942222
180814,2,6,DMSO,1932,8.5,44.30756,4.02864,2,-2.9964,short,0.473957647
180814,2,6,DMSO,1934,9.5,24.15688,5.7134,2,-23.14708,short,0.601410526
180814,2,7,DMSO,1927,9,14.80204,6.52784,2,-6.12392,short,0.725315556
180814,2,7,DMSO,1929,9.5,16.1084,-1.79256,2,-4.81756,short,-0.188690526
180814,2,8,DMSO,1922,9.5,40.36604,1.177,2.5,0,long,0.123894737
180814,2,8,DMSO,1924,9,20.69012,5.03932,2.5,-19.67592,short,0.559924444
180814,2,9,DMSO,1917,9.5,30.90956,3.91248,2.5,0,long,0.41184
180814,2,9,DMSO,1919,9.5,20.0992,5.79348,2.5,-10.81036,short,0.60984
180814,2,10,DMSO,1912,9.5,39.59736,1.31604,2.5,0,long,0.138530526
180814,2,10,DMSO,1914,9.5,24.54144,6.9168,2.5,-15.05592,short,0.728084211
180814,2,11,DMSO,1907,7,54.06764,1.87044,2.5,0,long,0.267205714
180814,2,11,DMSO,1909,9.5,30.55976,4.29616,2.5,-23.50788,short,0.452227368
180814,2,12,DMSO,1902,8.5,50.58768,3.86496,2.5,0,long,0.454701176
180814,2,12,DMSO,1904,7.5,31.33064,6.40816,2.5,-19.25704,short,0.854421333
180814,2,13,DMSO,1897,9.5,42.02704,0,2,0,short,0
180814,2,13,DMSO,1899,7,25.62164,9.152,2,-16.4054,short,1.307428571
181002,1,0,taxol,1636,9.5,22.1518,0.92092,2.5,-8.62576,short,0.096938947
181002,1,0,taxol,1638,9.5,15.52804,0,2.5,-15.24952,short,0
181002,1,1,taxol,1631,9.5,32.08832,4.4176,2,-4.95968,short,0.465010526
181002,1,1,taxol,1633,9.5,37.048,0.70884,2,0,short,0.074614737
181002,1,2,taxol,1627,4,26.21168,0,2,0,short,0
181002,1,2,taxol,1629,8,20.87272,2.20264,2,-5.33896,short,0.27533
181002,1,3,taxol,1622,4,46.44816,0.99748,2,0,short,0.24937
181002,1,3,taxol,1624,6.5,13.49656,2.38744,2,-32.9516,short,0.367298462
181002,1,4,taxol,1617,4.5,25.60536,3.30044,2.5,-18.06728,short,0.733431111
181002,1,4,taxol,1619,3.5,43.67264,1.57916,2.5,0,long,0.451188571
181002,1,6,taxol,1612,9,18.8122,0,2,-11.23628,short,0
181002,1,6,taxol,1614,7,29.99392,0.80036,2,-0.05456,short,0.114337143
181002,1,7,taxol,1607,9.5,37.69964,0,2.5,0,long,0
181002,1,7,taxol,1609,9.5,15.9566,4.08804,2.5,-21.74304,short,0.43032
181002,1,9,taxol,1603,9.5,24.25676,5.76752,2,0,short,0.607107368
181002,1,9,taxol,1605,9,23.19812,4.7608,2,-1.05864,short,0.528977778
181002,1,10,taxol,1598,9.5,11.73084,1.60644,2,-15.91524,short,0.169098947
181002,1,10,taxol,1600,9,27.64608,0,2,0,short,0
181002,1,11,taxol,1594,13.5,35.17052,1.83304,2.5,0,long,0.135780741
181002,1,11,taxol,1596,10,24.8798,1.99144,2.5,-10.29072,short,0.199144
181002,1,12,taxol,1589,2.5,28.07728,2.09308,2,-3.432,short,0.837232
181002,1,12,taxol,1591,5.5,27.8256,3.54244,2,-3.68368,short,0.64408
181002,1,13,taxol,1584,7,41.9474,1.28084,2,0,short,0.182977143
181002,1,13,taxol,1586,18,22.85932,2.16568,2,-19.08808,short,0.120315556
181002,5,0,taxol,1579,9.5,53.8384,1.13212,3,0,long,0.119170526
181002,5,0,taxol,1581,9.5,39.02844,1.81104,3,-14.80996,short,0.190635789
181002,5,1,taxol,1574,9.5,69.97232,0,3,0,long,0
181002,5,1,taxol,1576,9.5,20.59508,3.15832,3,-49.37724,short,0.332454737
181002,5,3,taxol,1569,6.5,41.68428,2.16656,2,0,short,0.333316923
181002,5,3,taxol,1571,9.5,17.37824,0,2,-24.30604,short,0
181002,5,4,taxol,1564,9,42.0288,1.1462,2,0,short,0.127355556
181002,5,4,taxol,1566,4.5,37.04228,1.78464,2,-4.98652,short,0.396586667
181002,5,6,taxol,1560,9.5,48.47128,0,2.5,0,long,0
181002,5,7,taxol,1555,9.5,43.38972,1.31604,2.5,0,long,0.138530526
181002,5,7,taxol,1557,9.5,13.37424,1.39876,2.5,-30.01548,short,0.147237895
181002,5,8,taxol,1550,9.5,40.69648,0.95788,2.5,0,long,0.100829474
181002,5,8,taxol,1552,9.5,26.0986,2.04688,2.5,-14.59788,short,0.215461053
181002,5,9,taxol,1545,9.5,50.20224,0.78936,3,0,long,0.083090526
181002,5,9,taxol,1547,9.5,28.28276,2.24092,3,-21.91948,short,0.235886316
181002,5,12,taxol,1540,3.5,37.59184,1.57916,2.5,0,long,0.451188571
181002,5,12,taxol,1542,9,19.17388,3.15832,2.5,-18.41796,short,0.350924444
181002,5,13,taxol,1535,9.5,51.07916,1.66452,3,0,long,0.175212632
181002,5,13,taxol,1537,4,26.72208,2.81292,3,-24.35708,short,0.70323
181005,5,0,taxol,1531,9.5,61.08696,0,3,0,long,0
181005,5,0,taxol,1533,9.5,30.7626,0,3,-30.32436,short,0
181005,5,1,taxol,1526,9.5,41.42556,0,2.5,0,long,0
181005,5,1,taxol,1528,7.5,20.96644,2.42616,2.5,-20.45912,short,0.323488
181005,5,5,taxol,1521,9.5,79.068,0,3,0,long,0
181005,5,5,taxol,1523,9.5,16.3328,2.1582,3,-62.7352,short,0.227178947
181005,5,6,taxol,1516,9.5,29.41576,0.88264,2,-1.32528,short,0.092909474
181005,5,6,taxol,1518,9.5,30.74104,2.10936,2,0,short,0.222037895
181005,5,8,taxol,1512,9.5,27.88984,1.37368,2,0,short,0.144597895
181005,5,8,taxol,1514,20,24.2902,1.8326,2,-3.59964,short,0.09163
181005,5,9,taxol,1507,20,38.50704,1.04236,2,-1.87088,short,0.052118
181005,5,9,taxol,1509,20,40.08092,0.55836,2,-0.297,short,0.027918
181005,5,12,taxol,1503,20,48.02556,0.89056,2.5,0,long,0.044528
181005,5,12,taxol,1505,20,25.09364,0,2.5,-22.93192,short,0
