,date,neuron,0,max_time,min_diff,number_neurites,nb_neurites_slower,MTRF_column,time_slowdown,axon_growth_time,time_slowdown_diff
0,190712,19,1077.0,1188.0,0.1,4,0,MT-RF_neg_smooth_200,957.0,973,-0.26666666666666666
1,190719,7,251.0,1164.0,0.1,6,0,MT-RF_neg_smooth_200,131.0,238,-1.7833333333333334
2,190719,11,301.0,364.0,0.1,3,0,MT-RF_neg_smooth_200,181.0,100,1.35
3,190723,2,1490.0,1817.0,0.1,4,0,MT-RF_neg_smooth_200,1370.0,713,10.95
4,190723,6,99999.0,1014.0,0.1,4,0,MT-RF_neg_smooth_200,99879.0,472,1656.7833333333333
5,190726,7,225.0,707.0,0.1,3,0,MT-RF_neg_smooth_200,105.0,138,-0.55
6,190730,3,99999.0,1437.0,0.1,4,0,MT-RF_neg_smooth_200,99879.0,89,1663.1666666666667
7,190730,11,99999.0,1372.0,0.1,4,0,MT-RF_neg_smooth_200,99879.0,0,1664.65
8,190802,5,237.0,1039.0,0.1,4,0,MT-RF_neg_smooth_200,117.0,407,-4.833333333333333
9,190802,9,263.0,686.0,0.1,4,0,MT-RF_neg_smooth_200,143.0,165,-0.36666666666666664
10,190802,10,99999.0,1311.0,0.1,3,0,MT-RF_neg_smooth_200,99879.0,200,1661.3166666666666
11,190806,10,1066.0,1366.0,0.1,5,0,MT-RF_neg_smooth_200,946.0,409,8.95
12,190820,15,602.0,835.0,0.1,5,0,MT-RF_neg_smooth_200,482.0,348,2.2333333333333334
13,190823,1,976.0,2914.0,0.1,5,0,MT-RF_neg_smooth_200,856.0,379,7.95
14,190823,3,1032.0,2910.0,0.1,9,0,MT-RF_neg_smooth_200,912.0,1900,-16.466666666666665
15,190823,12,1208.0,2435.0,0.1,6,0,MT-RF_neg_smooth_200,1088.0,1130,-0.7
16,190823,15,99999.0,2920.0,0.1,4,0,MT-RF_neg_smooth_200,99879.0,1686,1636.55
0,190712,19,1049.0,1188.0,0.1,4,0,MT-RF_smooth_200,929.0,973,-0.7333333333333333
1,190719,7,99999.0,1164.0,0.1,6,0,MT-RF_smooth_200,99879.0,238,1660.6833333333334
2,190719,11,224.0,364.0,0.1,3,0,MT-RF_smooth_200,104.0,100,0.06666666666666667
3,190723,2,99999.0,1817.0,0.1,4,0,MT-RF_smooth_200,99879.0,713,1652.7666666666667
4,190723,6,99999.0,1014.0,0.1,4,0,MT-RF_smooth_200,99879.0,472,1656.7833333333333
5,190726,7,439.0,707.0,0.1,3,0,MT-RF_smooth_200,319.0,138,3.0166666666666666
6,190730,3,99999.0,1437.0,0.1,4,0,MT-RF_smooth_200,99879.0,89,1663.1666666666667
7,190730,11,99999.0,1372.0,0.1,4,0,MT-RF_smooth_200,99879.0,0,1664.65
8,190802,5,237.0,1039.0,0.1,4,0,MT-RF_smooth_200,117.0,407,-4.833333333333333
9,190802,9,263.0,686.0,0.1,4,0,MT-RF_smooth_200,143.0,165,-0.36666666666666664
10,190802,10,99999.0,1311.0,0.1,3,0,MT-RF_smooth_200,99879.0,200,1661.3166666666666
11,190806,10,916.0,1366.0,0.1,5,0,MT-RF_smooth_200,796.0,409,6.45
12,190820,15,254.0,835.0,0.1,4,0,MT-RF_smooth_200,134.0,348,-3.566666666666667
13,190823,1,2867.0,2914.0,0.1,5,0,MT-RF_smooth_200,2747.0,379,39.46666666666667
14,190823,3,972.0,2910.0,0.1,9,0,MT-RF_smooth_200,852.0,1900,-17.466666666666665
15,190823,12,1208.0,2435.0,0.1,6,0,MT-RF_smooth_200,1088.0,1130,-0.7
16,190823,15,1054.0,2920.0,0.1,4,0,MT-RF_smooth_200,934.0,1686,-12.533333333333333
0,190712,19,99999.0,1258.0,0.1,4,0,MT-RF_neg_smooth_60,99879.0,973,1648.4333333333334
1,190719,7,99999.0,1238.0,0.1,6,0,MT-RF_neg_smooth_60,99879.0,238,1660.6833333333334
2,190719,11,274.0,434.0,0.1,6,0,MT-RF_neg_smooth_60,154.0,100,0.9
3,190723,2,99999.0,1887.0,0.1,4,0,MT-RF_neg_smooth_60,99879.0,713,1652.7666666666667
4,190723,6,99999.0,1086.0,0.1,4,0,MT-RF_neg_smooth_60,99879.0,472,1656.7833333333333
5,190726,7,196.0,787.0,0.1,3,0,MT-RF_neg_smooth_60,76.0,138,-1.0333333333333334
6,190730,3,99999.0,1518.0,0.1,4,0,MT-RF_neg_smooth_60,99879.0,89,1663.1666666666667
7,190730,11,99999.0,1459.0,0.1,4,0,MT-RF_neg_smooth_60,99879.0,0,1664.65
8,190802,5,227.0,1109.0,0.1,4,0,MT-RF_neg_smooth_60,107.0,407,-5.0
9,190802,9,187.0,758.0,0.1,4,0,MT-RF_neg_smooth_60,67.0,165,-1.6333333333333333
10,190802,10,99999.0,1394.0,0.1,4,0,MT-RF_neg_smooth_60,99879.0,200,1661.3166666666666
11,190806,10,1140.0,1450.0,0.1,5,0,MT-RF_neg_smooth_60,1020.0,409,10.183333333333334
12,190820,15,575.0,918.0,0.1,5,0,MT-RF_neg_smooth_60,455.0,348,1.7833333333333334
13,190823,1,975.0,2989.0,0.1,5,0,MT-RF_neg_smooth_60,855.0,379,7.933333333333334
14,190823,3,1066.0,2980.0,0.1,9,0,MT-RF_neg_smooth_60,946.0,1900,-15.9
15,190823,12,1283.0,2527.0,0.1,6,0,MT-RF_neg_smooth_60,1163.0,1130,0.55
16,190823,15,99999.0,2990.0,0.1,4,0,MT-RF_neg_smooth_60,99879.0,1686,1636.55
0,190712,19,99999.0,1188.0,0.2,4,0,MT-RF_neg_smooth_200,99879.0,973,1648.4333333333334
1,190719,7,554.0,1164.0,0.2,6,0,MT-RF_neg_smooth_200,434.0,238,3.2666666666666666
2,190719,11,312.0,364.0,0.2,3,0,MT-RF_neg_smooth_200,192.0,100,1.5333333333333334
3,190723,2,99999.0,1817.0,0.2,4,0,MT-RF_neg_smooth_200,99879.0,713,1652.7666666666667
4,190723,6,99999.0,1014.0,0.2,4,0,MT-RF_neg_smooth_200,99879.0,472,1656.7833333333333
5,190726,7,225.0,707.0,0.2,3,0,MT-RF_neg_smooth_200,105.0,138,-0.55
6,190730,3,99999.0,1437.0,0.2,4,0,MT-RF_neg_smooth_200,99879.0,89,1663.1666666666667
7,190730,11,99999.0,1372.0,0.2,4,0,MT-RF_neg_smooth_200,99879.0,0,1664.65
8,190802,5,237.0,1039.0,0.2,4,0,MT-RF_neg_smooth_200,117.0,407,-4.833333333333333
9,190802,9,263.0,686.0,0.2,4,0,MT-RF_neg_smooth_200,143.0,165,-0.36666666666666664
10,190802,10,99999.0,1311.0,0.2,3,0,MT-RF_neg_smooth_200,99879.0,200,1661.3166666666666
11,190806,10,1080.0,1366.0,0.2,5,0,MT-RF_neg_smooth_200,960.0,409,9.183333333333334
12,190820,15,609.0,835.0,0.2,5,0,MT-RF_neg_smooth_200,489.0,348,2.35
13,190823,1,1278.0,2914.0,0.2,5,0,MT-RF_neg_smooth_200,1158.0,379,12.983333333333333
14,190823,3,1041.0,2910.0,0.2,9,0,MT-RF_neg_smooth_200,921.0,1900,-16.316666666666666
15,190823,12,1250.0,2435.0,0.2,6,0,MT-RF_neg_smooth_200,1130.0,1130,0.0
16,190823,15,99999.0,2920.0,0.2,4,0,MT-RF_neg_smooth_200,99879.0,1686,1636.55
0,190712,19,1053.0,1188.0,0.2,4,0,MT-RF_smooth_200,933.0,973,-0.6666666666666666
1,190719,7,99999.0,1164.0,0.2,6,0,MT-RF_smooth_200,99879.0,238,1660.6833333333334
2,190719,11,224.0,364.0,0.2,3,0,MT-RF_smooth_200,104.0,100,0.06666666666666667
3,190723,2,99999.0,1817.0,0.2,4,0,MT-RF_smooth_200,99879.0,713,1652.7666666666667
4,190723,6,99999.0,1014.0,0.2,4,0,MT-RF_smooth_200,99879.0,472,1656.7833333333333
5,190726,7,458.0,707.0,0.2,3,0,MT-RF_smooth_200,338.0,138,3.3333333333333335
6,190730,3,99999.0,1437.0,0.2,4,0,MT-RF_smooth_200,99879.0,89,1663.1666666666667
7,190730,11,99999.0,1372.0,0.2,4,0,MT-RF_smooth_200,99879.0,0,1664.65
8,190802,5,237.0,1039.0,0.2,4,0,MT-RF_smooth_200,117.0,407,-4.833333333333333
9,190802,9,263.0,686.0,0.2,4,0,MT-RF_smooth_200,143.0,165,-0.36666666666666664
10,190802,10,99999.0,1311.0,0.2,3,0,MT-RF_smooth_200,99879.0,200,1661.3166666666666
11,190806,10,1066.0,1366.0,0.2,5,0,MT-RF_smooth_200,946.0,409,8.95
12,190820,15,254.0,835.0,0.2,4,0,MT-RF_smooth_200,134.0,348,-3.566666666666667
13,190823,1,2872.0,2914.0,0.2,5,0,MT-RF_smooth_200,2752.0,379,39.55
14,190823,3,980.0,2910.0,0.2,9,0,MT-RF_smooth_200,860.0,1900,-17.333333333333332
15,190823,12,1250.0,2435.0,0.2,6,0,MT-RF_smooth_200,1130.0,1130,0.0
16,190823,15,1062.0,2920.0,0.2,4,0,MT-RF_smooth_200,942.0,1686,-12.4
0,190712,19,99999.0,1258.0,0.2,4,0,MT-RF_neg_smooth_60,99879.0,973,1648.4333333333334
1,190719,7,99999.0,1238.0,0.2,6,0,MT-RF_neg_smooth_60,99879.0,238,1660.6833333333334
2,190719,11,296.0,434.0,0.2,6,0,MT-RF_neg_smooth_60,176.0,100,1.2666666666666666
3,190723,2,99999.0,1887.0,0.2,4,0,MT-RF_neg_smooth_60,99879.0,713,1652.7666666666667
4,190723,6,99999.0,1086.0,0.2,4,0,MT-RF_neg_smooth_60,99879.0,472,1656.7833333333333
5,190726,7,200.0,787.0,0.2,3,0,MT-RF_neg_smooth_60,80.0,138,-0.9666666666666667
6,190730,3,99999.0,1518.0,0.2,4,0,MT-RF_neg_smooth_60,99879.0,89,1663.1666666666667
7,190730,11,99999.0,1459.0,0.2,4,0,MT-RF_neg_smooth_60,99879.0,0,1664.65
8,190802,5,228.0,1109.0,0.2,4,0,MT-RF_neg_smooth_60,108.0,407,-4.983333333333333
9,190802,9,187.0,758.0,0.2,4,0,MT-RF_neg_smooth_60,67.0,165,-1.6333333333333333
10,190802,10,99999.0,1394.0,0.2,4,0,MT-RF_neg_smooth_60,99879.0,200,1661.3166666666666
11,190806,10,1148.0,1450.0,0.2,5,0,MT-RF_neg_smooth_60,1028.0,409,10.316666666666666
12,190820,15,642.0,918.0,0.2,5,0,MT-RF_neg_smooth_60,522.0,348,2.9
13,190823,1,979.0,2989.0,0.2,5,0,MT-RF_neg_smooth_60,859.0,379,8.0
14,190823,3,1069.0,2980.0,0.2,9,0,MT-RF_neg_smooth_60,949.0,1900,-15.85
15,190823,12,1290.0,2527.0,0.2,6,0,MT-RF_neg_smooth_60,1170.0,1130,0.6666666666666666
16,190823,15,99999.0,2990.0,0.2,4,0,MT-RF_neg_smooth_60,99879.0,1686,1636.55
0,190712,19,99999.0,1188.0,0.3,4,0,MT-RF_neg_smooth_200,99879.0,973,1648.4333333333334
1,190719,7,575.0,1164.0,0.3,6,0,MT-RF_neg_smooth_200,455.0,238,3.6166666666666667
2,190719,11,332.0,364.0,0.3,3,0,MT-RF_neg_smooth_200,212.0,100,1.8666666666666667
3,190723,2,99999.0,1817.0,0.3,4,0,MT-RF_neg_smooth_200,99879.0,713,1652.7666666666667
4,190723,6,99999.0,1014.0,0.3,4,0,MT-RF_neg_smooth_200,99879.0,472,1656.7833333333333
5,190726,7,450.0,707.0,0.3,3,0,MT-RF_neg_smooth_200,330.0,138,3.2
6,190730,3,99999.0,1437.0,0.3,4,0,MT-RF_neg_smooth_200,99879.0,89,1663.1666666666667
7,190730,11,99999.0,1372.0,0.3,4,0,MT-RF_neg_smooth_200,99879.0,0,1664.65
8,190802,5,237.0,1039.0,0.3,4,0,MT-RF_neg_smooth_200,117.0,407,-4.833333333333333
9,190802,9,263.0,686.0,0.3,4,0,MT-RF_neg_smooth_200,143.0,165,-0.36666666666666664
10,190802,10,99999.0,1311.0,0.3,3,0,MT-RF_neg_smooth_200,99879.0,200,1661.3166666666666
11,190806,10,1087.0,1366.0,0.3,5,0,MT-RF_neg_smooth_200,967.0,409,9.3
12,190820,15,617.0,835.0,0.3,5,0,MT-RF_neg_smooth_200,497.0,348,2.4833333333333334
13,190823,1,1288.0,2914.0,0.3,5,0,MT-RF_neg_smooth_200,1168.0,379,13.15
14,190823,3,1048.0,2910.0,0.3,9,0,MT-RF_neg_smooth_200,928.0,1900,-16.2
15,190823,12,1266.0,2435.0,0.3,6,0,MT-RF_neg_smooth_200,1146.0,1130,0.26666666666666666
16,190823,15,99999.0,2920.0,0.3,4,0,MT-RF_neg_smooth_200,99879.0,1686,1636.55
0,190712,19,1058.0,1188.0,0.3,4,0,MT-RF_smooth_200,938.0,973,-0.5833333333333334
1,190719,7,99999.0,1164.0,0.3,6,0,MT-RF_smooth_200,99879.0,238,1660.6833333333334
2,190719,11,224.0,364.0,0.3,3,0,MT-RF_smooth_200,104.0,100,0.06666666666666667
3,190723,2,99999.0,1817.0,0.3,4,0,MT-RF_smooth_200,99879.0,713,1652.7666666666667
4,190723,6,99999.0,1014.0,0.3,4,0,MT-RF_smooth_200,99879.0,472,1656.7833333333333
5,190726,7,468.0,707.0,0.3,3,0,MT-RF_smooth_200,348.0,138,3.5
6,190730,3,99999.0,1437.0,0.3,4,0,MT-RF_smooth_200,99879.0,89,1663.1666666666667
7,190730,11,99999.0,1372.0,0.3,4,0,MT-RF_smooth_200,99879.0,0,1664.65
8,190802,5,237.0,1039.0,0.3,4,0,MT-RF_smooth_200,117.0,407,-4.833333333333333
9,190802,9,263.0,686.0,0.3,4,0,MT-RF_smooth_200,143.0,165,-0.36666666666666664
10,190802,10,99999.0,1311.0,0.3,3,0,MT-RF_smooth_200,99879.0,200,1661.3166666666666
11,190806,10,1081.0,1366.0,0.3,5,0,MT-RF_smooth_200,961.0,409,9.2
12,190820,15,254.0,835.0,0.3,4,0,MT-RF_smooth_200,134.0,348,-3.566666666666667
13,190823,1,2877.0,2914.0,0.3,5,0,MT-RF_smooth_200,2757.0,379,39.63333333333333
14,190823,3,1036.0,2910.0,0.3,9,0,MT-RF_smooth_200,916.0,1900,-16.4
15,190823,12,1266.0,2435.0,0.3,6,0,MT-RF_smooth_200,1146.0,1130,0.26666666666666666
16,190823,15,1073.0,2920.0,0.3,4,0,MT-RF_smooth_200,953.0,1686,-12.216666666666667
0,190712,19,99999.0,1258.0,0.3,4,0,MT-RF_neg_smooth_60,99879.0,973,1648.4333333333334
1,190719,7,1030.0,1238.0,0.3,6,0,MT-RF_neg_smooth_60,910.0,238,11.2
2,190719,11,341.0,434.0,0.3,6,0,MT-RF_neg_smooth_60,221.0,100,2.0166666666666666
3,190723,2,99999.0,1887.0,0.3,4,0,MT-RF_neg_smooth_60,99879.0,713,1652.7666666666667
4,190723,6,99999.0,1086.0,0.3,4,0,MT-RF_neg_smooth_60,99879.0,472,1656.7833333333333
5,190726,7,205.0,787.0,0.3,3,0,MT-RF_neg_smooth_60,85.0,138,-0.8833333333333333
6,190730,3,99999.0,1518.0,0.3,4,0,MT-RF_neg_smooth_60,99879.0,89,1663.1666666666667
7,190730,11,99999.0,1459.0,0.3,4,0,MT-RF_neg_smooth_60,99879.0,0,1664.65
8,190802,5,482.0,1109.0,0.3,4,0,MT-RF_neg_smooth_60,362.0,407,-0.75
9,190802,9,187.0,758.0,0.3,4,0,MT-RF_neg_smooth_60,67.0,165,-1.6333333333333333
10,190802,10,99999.0,1394.0,0.3,4,0,MT-RF_neg_smooth_60,99879.0,200,1661.3166666666666
11,190806,10,1178.0,1450.0,0.3,5,0,MT-RF_neg_smooth_60,1058.0,409,10.816666666666666
12,190820,15,645.0,918.0,0.3,5,0,MT-RF_neg_smooth_60,525.0,348,2.95
13,190823,1,1222.0,2989.0,0.3,5,0,MT-RF_neg_smooth_60,1102.0,379,12.05
14,190823,3,1339.0,2980.0,0.3,9,0,MT-RF_neg_smooth_60,1219.0,1900,-11.35
15,190823,12,1533.0,2527.0,0.3,6,0,MT-RF_neg_smooth_60,1413.0,1130,4.716666666666667
16,190823,15,99999.0,2990.0,0.3,4,0,MT-RF_neg_smooth_60,99879.0,1686,1636.55
0,190712,19,1041.0,1188.0,0.1,5,1,MT-RF_neg_smooth_200,921.0,973,-0.8666666666666667
1,190719,7,254.0,1164.0,0.1,6,1,MT-RF_neg_smooth_200,134.0,238,-1.7333333333333334
2,190719,11,224.0,364.0,0.1,5,1,MT-RF_neg_smooth_200,104.0,100,0.06666666666666667
3,190723,2,1486.0,1816.0,0.1,4,1,MT-RF_neg_smooth_200,1366.0,713,10.883333333333333
4,190723,6,640.0,1012.0,0.1,4,1,MT-RF_neg_smooth_200,520.0,472,0.8
5,190726,7,240.0,702.0,0.1,3,1,MT-RF_neg_smooth_200,120.0,138,-0.3
6,190730,3,99999.0,1435.0,0.1,4,1,MT-RF_neg_smooth_200,99879.0,89,1663.1666666666667
7,190730,11,99999.0,1353.0,0.1,4,1,MT-RF_neg_smooth_200,99879.0,0,1664.65
8,190802,5,246.0,1009.0,0.1,4,1,MT-RF_neg_smooth_200,126.0,407,-4.683333333333334
9,190802,9,282.0,682.0,0.1,4,1,MT-RF_neg_smooth_200,162.0,165,-0.05
10,190802,10,99999.0,1259.0,0.1,4,1,MT-RF_neg_smooth_200,99879.0,200,1661.3166666666666
11,190806,10,535.0,1362.0,0.1,6,1,MT-RF_neg_smooth_200,415.0,409,0.1
12,190820,15,528.0,827.0,0.1,5,1,MT-RF_neg_smooth_200,408.0,348,1.0
13,190823,1,885.0,2904.0,0.1,5,1,MT-RF_neg_smooth_200,765.0,379,6.433333333333334
14,190823,3,594.0,2909.0,0.1,9,1,MT-RF_neg_smooth_200,474.0,1900,-23.766666666666666
15,190823,12,1098.0,2435.0,0.1,6,1,MT-RF_neg_smooth_200,978.0,1130,-2.533333333333333
16,190823,15,1495.0,2920.0,0.1,4,1,MT-RF_neg_smooth_200,1375.0,1686,-5.183333333333334
0,190712,19,981.0,1188.0,0.1,5,1,MT-RF_smooth_200,861.0,973,-1.8666666666666667
1,190719,7,478.0,1164.0,0.1,6,1,MT-RF_smooth_200,358.0,238,2.0
2,190719,11,224.0,364.0,0.1,6,1,MT-RF_smooth_200,104.0,100,0.06666666666666667
3,190723,2,99999.0,1816.0,0.1,4,1,MT-RF_smooth_200,99879.0,713,1652.7666666666667
4,190723,6,867.0,1012.0,0.1,4,1,MT-RF_smooth_200,747.0,472,4.583333333333333
5,190726,7,240.0,702.0,0.1,3,1,MT-RF_smooth_200,120.0,138,-0.3
6,190730,3,99999.0,1435.0,0.1,3,1,MT-RF_smooth_200,99879.0,89,1663.1666666666667
7,190730,11,99999.0,1353.0,0.1,4,1,MT-RF_smooth_200,99879.0,0,1664.65
8,190802,5,246.0,1009.0,0.1,4,1,MT-RF_smooth_200,126.0,407,-4.683333333333334
9,190802,9,282.0,682.0,0.1,4,1,MT-RF_smooth_200,162.0,165,-0.05
10,190802,10,99999.0,1259.0,0.1,4,1,MT-RF_smooth_200,99879.0,200,1661.3166666666666
11,190806,10,535.0,1362.0,0.1,6,1,MT-RF_smooth_200,415.0,409,0.1
12,190820,15,256.0,827.0,0.1,5,1,MT-RF_smooth_200,136.0,348,-3.533333333333333
13,190823,1,735.0,2904.0,0.1,5,1,MT-RF_smooth_200,615.0,379,3.933333333333333
14,190823,3,596.0,2909.0,0.1,9,1,MT-RF_smooth_200,476.0,1900,-23.733333333333334
15,190823,12,1066.0,2435.0,0.1,6,1,MT-RF_smooth_200,946.0,1130,-3.066666666666667
16,190823,15,1001.0,2920.0,0.1,4,1,MT-RF_smooth_200,881.0,1686,-13.416666666666666
0,190712,19,1040.0,1258.0,0.1,5,1,MT-RF_neg_smooth_60,920.0,973,-0.8833333333333333
1,190719,7,219.0,1237.0,0.1,6,1,MT-RF_neg_smooth_60,99.0,238,-2.316666666666667
2,190719,11,253.0,434.0,0.1,6,1,MT-RF_neg_smooth_60,133.0,100,0.55
3,190723,2,1465.0,1887.0,0.1,4,1,MT-RF_neg_smooth_60,1345.0,713,10.533333333333333
4,190723,6,646.0,1084.0,0.1,4,1,MT-RF_neg_smooth_60,526.0,472,0.9
5,190726,7,164.0,783.0,0.1,3,1,MT-RF_neg_smooth_60,44.0,138,-1.5666666666666667
6,190730,3,99999.0,1506.0,0.1,4,1,MT-RF_neg_smooth_60,99879.0,89,1663.1666666666667
7,190730,11,99999.0,1453.0,0.1,4,1,MT-RF_neg_smooth_60,99879.0,0,1664.65
8,190802,5,226.0,1102.0,0.1,4,1,MT-RF_neg_smooth_60,106.0,407,-5.016666666666667
9,190802,9,215.0,756.0,0.1,4,1,MT-RF_neg_smooth_60,95.0,165,-1.1666666666666667
10,190802,10,99999.0,1381.0,0.1,4,1,MT-RF_neg_smooth_60,99879.0,200,1661.3166666666666
11,190806,10,338.0,1448.0,0.1,6,1,MT-RF_neg_smooth_60,218.0,409,-3.183333333333333
12,190820,15,567.0,907.0,0.1,5,1,MT-RF_neg_smooth_60,447.0,348,1.65
13,190823,1,921.0,2986.0,0.1,5,1,MT-RF_neg_smooth_60,801.0,379,7.033333333333333
14,190823,3,773.0,2980.0,0.1,9,1,MT-RF_neg_smooth_60,653.0,1900,-20.783333333333335
15,190823,12,1151.0,2523.0,0.1,6,1,MT-RF_neg_smooth_60,1031.0,1130,-1.65
16,190823,15,1455.0,2990.0,0.1,4,1,MT-RF_neg_smooth_60,1335.0,1686,-5.85
0,190712,19,1049.0,1188.0,0.2,5,1,MT-RF_neg_smooth_200,929.0,973,-0.7333333333333333
1,190719,7,259.0,1164.0,0.2,6,1,MT-RF_neg_smooth_200,139.0,238,-1.65
2,190719,11,224.0,364.0,0.2,5,1,MT-RF_neg_smooth_200,104.0,100,0.06666666666666667
3,190723,2,1497.0,1816.0,0.2,4,1,MT-RF_neg_smooth_200,1377.0,713,11.066666666666666
4,190723,6,99999.0,1012.0,0.2,4,1,MT-RF_neg_smooth_200,99879.0,472,1656.7833333333333
5,190726,7,240.0,702.0,0.2,3,1,MT-RF_neg_smooth_200,120.0,138,-0.3
6,190730,3,99999.0,1435.0,0.2,4,1,MT-RF_neg_smooth_200,99879.0,89,1663.1666666666667
7,190730,11,99999.0,1353.0,0.2,4,1,MT-RF_neg_smooth_200,99879.0,0,1664.65
8,190802,5,246.0,1009.0,0.2,4,1,MT-RF_neg_smooth_200,126.0,407,-4.683333333333334
9,190802,9,282.0,682.0,0.2,4,1,MT-RF_neg_smooth_200,162.0,165,-0.05
10,190802,10,99999.0,1259.0,0.2,4,1,MT-RF_neg_smooth_200,99879.0,200,1661.3166666666666
11,190806,10,535.0,1362.0,0.2,6,1,MT-RF_neg_smooth_200,415.0,409,0.1
12,190820,15,558.0,827.0,0.2,5,1,MT-RF_neg_smooth_200,438.0,348,1.5
13,190823,1,904.0,2904.0,0.2,5,1,MT-RF_neg_smooth_200,784.0,379,6.75
14,190823,3,594.0,2909.0,0.2,9,1,MT-RF_neg_smooth_200,474.0,1900,-23.766666666666666
15,190823,12,1150.0,2435.0,0.2,6,1,MT-RF_neg_smooth_200,1030.0,1130,-1.6666666666666667
16,190823,15,1612.0,2920.0,0.2,4,1,MT-RF_neg_smooth_200,1492.0,1686,-3.2333333333333334
0,190712,19,1013.0,1188.0,0.2,5,1,MT-RF_smooth_200,893.0,973,-1.3333333333333333
1,190719,7,796.0,1164.0,0.2,6,1,MT-RF_smooth_200,676.0,238,7.3
2,190719,11,224.0,364.0,0.2,6,1,MT-RF_smooth_200,104.0,100,0.06666666666666667
3,190723,2,99999.0,1816.0,0.2,4,1,MT-RF_smooth_200,99879.0,713,1652.7666666666667
4,190723,6,898.0,1012.0,0.2,4,1,MT-RF_smooth_200,778.0,472,5.1
5,190726,7,240.0,702.0,0.2,3,1,MT-RF_smooth_200,120.0,138,-0.3
6,190730,3,99999.0,1435.0,0.2,3,1,MT-RF_smooth_200,99879.0,89,1663.1666666666667
7,190730,11,99999.0,1353.0,0.2,4,1,MT-RF_smooth_200,99879.0,0,1664.65
8,190802,5,246.0,1009.0,0.2,4,1,MT-RF_smooth_200,126.0,407,-4.683333333333334
9,190802,9,282.0,682.0,0.2,4,1,MT-RF_smooth_200,162.0,165,-0.05
10,190802,10,99999.0,1259.0,0.2,4,1,MT-RF_smooth_200,99879.0,200,1661.3166666666666
11,190806,10,535.0,1362.0,0.2,6,1,MT-RF_smooth_200,415.0,409,0.1
12,190820,15,256.0,827.0,0.2,5,1,MT-RF_smooth_200,136.0,348,-3.533333333333333
13,190823,1,806.0,2904.0,0.2,5,1,MT-RF_smooth_200,686.0,379,5.116666666666666
14,190823,3,643.0,2909.0,0.2,9,1,MT-RF_smooth_200,523.0,1900,-22.95
15,190823,12,1222.0,2435.0,0.2,6,1,MT-RF_smooth_200,1102.0,1130,-0.4666666666666667
16,190823,15,1020.0,2920.0,0.2,4,1,MT-RF_smooth_200,900.0,1686,-13.1
0,190712,19,1042.0,1258.0,0.2,5,1,MT-RF_neg_smooth_60,922.0,973,-0.85
1,190719,7,546.0,1237.0,0.2,6,1,MT-RF_neg_smooth_60,426.0,238,3.1333333333333333
2,190719,11,259.0,434.0,0.2,6,1,MT-RF_neg_smooth_60,139.0,100,0.65
3,190723,2,99999.0,1887.0,0.2,4,1,MT-RF_neg_smooth_60,99879.0,713,1652.7666666666667
4,190723,6,655.0,1084.0,0.2,4,1,MT-RF_neg_smooth_60,535.0,472,1.05
5,190726,7,164.0,783.0,0.2,3,1,MT-RF_neg_smooth_60,44.0,138,-1.5666666666666667
6,190730,3,99999.0,1506.0,0.2,4,1,MT-RF_neg_smooth_60,99879.0,89,1663.1666666666667
7,190730,11,99999.0,1453.0,0.2,4,1,MT-RF_neg_smooth_60,99879.0,0,1664.65
8,190802,5,229.0,1102.0,0.2,4,1,MT-RF_neg_smooth_60,109.0,407,-4.966666666666667
9,190802,9,215.0,756.0,0.2,4,1,MT-RF_neg_smooth_60,95.0,165,-1.1666666666666667
10,190802,10,99999.0,1381.0,0.2,4,1,MT-RF_neg_smooth_60,99879.0,200,1661.3166666666666
11,190806,10,362.0,1448.0,0.2,6,1,MT-RF_neg_smooth_60,242.0,409,-2.783333333333333
12,190820,15,567.0,907.0,0.2,5,1,MT-RF_neg_smooth_60,447.0,348,1.65
13,190823,1,935.0,2986.0,0.2,5,1,MT-RF_neg_smooth_60,815.0,379,7.266666666666667
14,190823,3,773.0,2980.0,0.2,9,1,MT-RF_neg_smooth_60,653.0,1900,-20.783333333333335
15,190823,12,1185.0,2523.0,0.2,6,1,MT-RF_neg_smooth_60,1065.0,1130,-1.0833333333333333
16,190823,15,1487.0,2990.0,0.2,4,1,MT-RF_neg_smooth_60,1367.0,1686,-5.316666666666666
0,190712,19,1053.0,1188.0,0.3,5,1,MT-RF_neg_smooth_200,933.0,973,-0.6666666666666666
1,190719,7,480.0,1164.0,0.3,6,1,MT-RF_neg_smooth_200,360.0,238,2.033333333333333
2,190719,11,224.0,364.0,0.3,5,1,MT-RF_neg_smooth_200,104.0,100,0.06666666666666667
3,190723,2,99999.0,1816.0,0.3,4,1,MT-RF_neg_smooth_200,99879.0,713,1652.7666666666667
4,190723,6,99999.0,1012.0,0.3,4,1,MT-RF_neg_smooth_200,99879.0,472,1656.7833333333333
5,190726,7,240.0,702.0,0.3,3,1,MT-RF_neg_smooth_200,120.0,138,-0.3
6,190730,3,99999.0,1435.0,0.3,4,1,MT-RF_neg_smooth_200,99879.0,89,1663.1666666666667
7,190730,11,99999.0,1353.0,0.3,4,1,MT-RF_neg_smooth_200,99879.0,0,1664.65
8,190802,5,246.0,1009.0,0.3,4,1,MT-RF_neg_smooth_200,126.0,407,-4.683333333333334
9,190802,9,282.0,682.0,0.3,4,1,MT-RF_neg_smooth_200,162.0,165,-0.05
10,190802,10,99999.0,1259.0,0.3,4,1,MT-RF_neg_smooth_200,99879.0,200,1661.3166666666666
11,190806,10,739.0,1362.0,0.3,6,1,MT-RF_neg_smooth_200,619.0,409,3.5
12,190820,15,567.0,827.0,0.3,5,1,MT-RF_neg_smooth_200,447.0,348,1.65
13,190823,1,931.0,2904.0,0.3,5,1,MT-RF_neg_smooth_200,811.0,379,7.2
14,190823,3,598.0,2909.0,0.3,9,1,MT-RF_neg_smooth_200,478.0,1900,-23.7
15,190823,12,1254.0,2435.0,0.3,6,1,MT-RF_neg_smooth_200,1134.0,1130,0.06666666666666667
16,190823,15,2447.0,2920.0,0.3,4,1,MT-RF_neg_smooth_200,2327.0,1686,10.683333333333334
0,190712,19,1035.0,1188.0,0.3,5,1,MT-RF_smooth_200,915.0,973,-0.9666666666666667
1,190719,7,910.0,1164.0,0.3,6,1,MT-RF_smooth_200,790.0,238,9.2
2,190719,11,224.0,364.0,0.3,6,1,MT-RF_smooth_200,104.0,100,0.06666666666666667
3,190723,2,99999.0,1816.0,0.3,4,1,MT-RF_smooth_200,99879.0,713,1652.7666666666667
4,190723,6,958.0,1012.0,0.3,4,1,MT-RF_smooth_200,838.0,472,6.1
5,190726,7,240.0,702.0,0.3,3,1,MT-RF_smooth_200,120.0,138,-0.3
6,190730,3,99999.0,1435.0,0.3,3,1,MT-RF_smooth_200,99879.0,89,1663.1666666666667
7,190730,11,99999.0,1353.0,0.3,4,1,MT-RF_smooth_200,99879.0,0,1664.65
8,190802,5,246.0,1009.0,0.3,4,1,MT-RF_smooth_200,126.0,407,-4.683333333333334
9,190802,9,282.0,682.0,0.3,4,1,MT-RF_smooth_200,162.0,165,-0.05
10,190802,10,99999.0,1259.0,0.3,4,1,MT-RF_smooth_200,99879.0,200,1661.3166666666666
11,190806,10,739.0,1362.0,0.3,6,1,MT-RF_smooth_200,619.0,409,3.5
12,190820,15,256.0,827.0,0.3,5,1,MT-RF_smooth_200,136.0,348,-3.533333333333333
13,190823,1,886.0,2904.0,0.3,5,1,MT-RF_smooth_200,766.0,379,6.45
14,190823,3,811.0,2909.0,0.3,9,1,MT-RF_smooth_200,691.0,1900,-20.15
15,190823,12,1261.0,2435.0,0.3,6,1,MT-RF_smooth_200,1141.0,1130,0.18333333333333332
16,190823,15,1073.0,2920.0,0.3,4,1,MT-RF_smooth_200,953.0,1686,-12.216666666666667
0,190712,19,99999.0,1258.0,0.3,5,1,MT-RF_neg_smooth_60,99879.0,973,1648.4333333333334
1,190719,7,1009.0,1237.0,0.3,6,1,MT-RF_neg_smooth_60,889.0,238,10.85
2,190719,11,266.0,434.0,0.3,6,1,MT-RF_neg_smooth_60,146.0,100,0.7666666666666667
3,190723,2,99999.0,1887.0,0.3,4,1,MT-RF_neg_smooth_60,99879.0,713,1652.7666666666667
4,190723,6,99999.0,1084.0,0.3,4,1,MT-RF_neg_smooth_60,99879.0,472,1656.7833333333333
5,190726,7,170.0,783.0,0.3,3,1,MT-RF_neg_smooth_60,50.0,138,-1.4666666666666666
6,190730,3,889.0,1506.0,0.3,4,1,MT-RF_neg_smooth_60,769.0,89,11.333333333333334
7,190730,11,99999.0,1453.0,0.3,4,1,MT-RF_neg_smooth_60,99879.0,0,1664.65
8,190802,5,230.0,1102.0,0.3,4,1,MT-RF_neg_smooth_60,110.0,407,-4.95
9,190802,9,215.0,756.0,0.3,4,1,MT-RF_neg_smooth_60,95.0,165,-1.1666666666666667
10,190802,10,99999.0,1381.0,0.3,4,1,MT-RF_neg_smooth_60,99879.0,200,1661.3166666666666
11,190806,10,1146.0,1448.0,0.3,6,1,MT-RF_neg_smooth_60,1026.0,409,10.283333333333333
12,190820,15,567.0,907.0,0.3,5,1,MT-RF_neg_smooth_60,447.0,348,1.65
13,190823,1,938.0,2986.0,0.3,5,1,MT-RF_neg_smooth_60,818.0,379,7.316666666666666
14,190823,3,773.0,2980.0,0.3,9,1,MT-RF_neg_smooth_60,653.0,1900,-20.783333333333335
15,190823,12,1194.0,2523.0,0.3,6,1,MT-RF_neg_smooth_60,1074.0,1130,-0.9333333333333333
16,190823,15,99999.0,2990.0,0.3,4,1,MT-RF_neg_smooth_60,99879.0,1686,1636.55
0,190712,19,1034.0,1184.0,0.1,5,2,MT-RF_neg_smooth_200,914.0,973,-0.9833333333333333
1,190719,7,275.0,1160.0,0.1,6,2,MT-RF_neg_smooth_200,155.0,238,-1.3833333333333333
2,190719,11,224.0,363.0,0.1,5,2,MT-RF_neg_smooth_200,104.0,100,0.06666666666666667
3,190723,2,1008.0,1816.0,0.1,4,2,MT-RF_neg_smooth_200,888.0,713,2.9166666666666665
4,190723,6,604.0,1012.0,0.1,3,2,MT-RF_neg_smooth_200,484.0,472,0.2
5,190726,7,247.0,700.0,0.1,2,2,MT-RF_neg_smooth_200,127.0,138,-0.18333333333333332
6,190730,3,253.0,1398.0,0.1,4,2,MT-RF_neg_smooth_200,133.0,89,0.7333333333333333
7,190730,11,99999.0,1203.0,0.1,3,2,MT-RF_neg_smooth_200,99879.0,0,1664.65
8,190802,5,277.0,938.0,0.1,3,2,MT-RF_neg_smooth_200,157.0,407,-4.166666666666667
9,190802,9,396.0,674.0,0.1,2,2,MT-RF_neg_smooth_200,276.0,165,1.85
10,190802,10,764.0,976.0,0.1,3,2,MT-RF_neg_smooth_200,644.0,200,7.4
11,190806,10,649.0,1355.0,0.1,5,2,MT-RF_neg_smooth_200,529.0,409,2.0
12,190820,15,290.0,818.0,0.1,5,2,MT-RF_neg_smooth_200,170.0,348,-2.966666666666667
13,190823,1,863.0,2901.0,0.1,5,2,MT-RF_neg_smooth_200,743.0,379,6.066666666666666
14,190823,3,779.0,2905.0,0.1,9,2,MT-RF_neg_smooth_200,659.0,1900,-20.683333333333334
15,190823,12,1117.0,2435.0,0.1,6,2,MT-RF_neg_smooth_200,997.0,1130,-2.216666666666667
16,190823,15,1036.0,2917.0,0.1,4,2,MT-RF_neg_smooth_200,916.0,1686,-12.833333333333334
0,190712,19,961.0,1184.0,0.1,5,2,MT-RF_smooth_200,841.0,973,-2.2
1,190719,7,275.0,1160.0,0.1,6,2,MT-RF_smooth_200,155.0,238,-1.3833333333333333
2,190719,11,224.0,363.0,0.1,4,2,MT-RF_smooth_200,104.0,100,0.06666666666666667
3,190723,2,647.0,1816.0,0.1,4,2,MT-RF_smooth_200,527.0,713,-3.1
4,190723,6,629.0,1012.0,0.1,4,2,MT-RF_smooth_200,509.0,472,0.6166666666666667
5,190726,7,247.0,700.0,0.1,2,2,MT-RF_smooth_200,127.0,138,-0.18333333333333332
6,190730,3,253.0,1398.0,0.1,3,2,MT-RF_smooth_200,133.0,89,0.7333333333333333
7,190730,11,99999.0,1203.0,0.1,4,2,MT-RF_smooth_200,99879.0,0,1664.65
8,190802,5,277.0,938.0,0.1,3,2,MT-RF_smooth_200,157.0,407,-4.166666666666667
9,190802,9,396.0,674.0,0.1,2,2,MT-RF_smooth_200,276.0,165,1.85
10,190802,10,99999.0,976.0,0.1,4,2,MT-RF_smooth_200,99879.0,200,1661.3166666666666
11,190806,10,649.0,1355.0,0.1,5,2,MT-RF_smooth_200,529.0,409,2.0
12,190820,15,290.0,818.0,0.1,5,2,MT-RF_smooth_200,170.0,348,-2.966666666666667
13,190823,1,711.0,2901.0,0.1,5,2,MT-RF_smooth_200,591.0,379,3.533333333333333
14,190823,3,779.0,2905.0,0.1,9,2,MT-RF_smooth_200,659.0,1900,-20.683333333333334
15,190823,12,1074.0,2435.0,0.1,6,2,MT-RF_smooth_200,954.0,1130,-2.933333333333333
16,190823,15,1004.0,2917.0,0.1,4,2,MT-RF_smooth_200,884.0,1686,-13.366666666666667
0,190712,19,426.0,1258.0,0.1,5,2,MT-RF_neg_smooth_60,306.0,973,-11.116666666666667
1,190719,7,222.0,1235.0,0.1,6,2,MT-RF_neg_smooth_60,102.0,238,-2.2666666666666666
2,190719,11,246.0,434.0,0.1,6,2,MT-RF_neg_smooth_60,126.0,100,0.43333333333333335
3,190723,2,1075.0,1886.0,0.1,4,2,MT-RF_neg_smooth_60,955.0,713,4.033333333333333
4,190723,6,644.0,1084.0,0.1,4,2,MT-RF_neg_smooth_60,524.0,472,0.8666666666666667
5,190726,7,184.0,782.0,0.1,3,2,MT-RF_neg_smooth_60,64.0,138,-1.2333333333333334
6,190730,3,217.0,1479.0,0.1,4,2,MT-RF_neg_smooth_60,97.0,89,0.13333333333333333
7,190730,11,99999.0,1296.0,0.1,4,2,MT-RF_neg_smooth_60,99879.0,0,1664.65
8,190802,5,224.0,1065.0,0.1,4,2,MT-RF_neg_smooth_60,104.0,407,-5.05
9,190802,9,330.0,744.0,0.1,4,2,MT-RF_neg_smooth_60,210.0,165,0.75
10,190802,10,652.0,1061.0,0.1,4,2,MT-RF_neg_smooth_60,532.0,200,5.533333333333333
11,190806,10,548.0,1446.0,0.1,6,2,MT-RF_neg_smooth_60,428.0,409,0.31666666666666665
12,190820,15,511.0,906.0,0.1,5,2,MT-RF_neg_smooth_60,391.0,348,0.7166666666666667
13,190823,1,866.0,2976.0,0.1,5,2,MT-RF_neg_smooth_60,746.0,379,6.116666666666666
14,190823,3,836.0,2980.0,0.1,9,2,MT-RF_neg_smooth_60,716.0,1900,-19.733333333333334
15,190823,12,1113.0,2522.0,0.1,6,2,MT-RF_neg_smooth_60,993.0,1130,-2.283333333333333
16,190823,15,1488.0,2990.0,0.1,4,2,MT-RF_neg_smooth_60,1368.0,1686,-5.3
0,190712,19,515.0,1184.0,0.2,5,2,MT-RF_neg_smooth_200,395.0,973,-9.633333333333333
1,190719,7,275.0,1160.0,0.2,6,2,MT-RF_neg_smooth_200,155.0,238,-1.3833333333333333
2,190719,11,224.0,363.0,0.2,5,2,MT-RF_neg_smooth_200,104.0,100,0.06666666666666667
3,190723,2,1116.0,1816.0,0.2,4,2,MT-RF_neg_smooth_200,996.0,713,4.716666666666667
4,190723,6,621.0,1012.0,0.2,3,2,MT-RF_neg_smooth_200,501.0,472,0.48333333333333334
5,190726,7,247.0,700.0,0.2,2,2,MT-RF_neg_smooth_200,127.0,138,-0.18333333333333332
6,190730,3,253.0,1398.0,0.2,4,2,MT-RF_neg_smooth_200,133.0,89,0.7333333333333333
7,190730,11,99999.0,1203.0,0.2,3,2,MT-RF_neg_smooth_200,99879.0,0,1664.65
8,190802,5,277.0,938.0,0.2,3,2,MT-RF_neg_smooth_200,157.0,407,-4.166666666666667
9,190802,9,396.0,674.0,0.2,2,2,MT-RF_neg_smooth_200,276.0,165,1.85
10,190802,10,99999.0,976.0,0.2,3,2,MT-RF_neg_smooth_200,99879.0,200,1661.3166666666666
11,190806,10,649.0,1355.0,0.2,5,2,MT-RF_neg_smooth_200,529.0,409,2.0
12,190820,15,338.0,818.0,0.2,5,2,MT-RF_neg_smooth_200,218.0,348,-2.1666666666666665
13,190823,1,920.0,2901.0,0.2,5,2,MT-RF_neg_smooth_200,800.0,379,7.016666666666667
14,190823,3,779.0,2905.0,0.2,9,2,MT-RF_neg_smooth_200,659.0,1900,-20.683333333333334
15,190823,12,1130.0,2435.0,0.2,6,2,MT-RF_neg_smooth_200,1010.0,1130,-2.0
16,190823,15,1526.0,2917.0,0.2,4,2,MT-RF_neg_smooth_200,1406.0,1686,-4.666666666666667
0,190712,19,559.0,1184.0,0.2,5,2,MT-RF_smooth_200,439.0,973,-8.9
1,190719,7,472.0,1160.0,0.2,6,2,MT-RF_smooth_200,352.0,238,1.9
2,190719,11,224.0,363.0,0.2,4,2,MT-RF_smooth_200,104.0,100,0.06666666666666667
3,190723,2,1010.0,1816.0,0.2,4,2,MT-RF_smooth_200,890.0,713,2.95
4,190723,6,646.0,1012.0,0.2,4,2,MT-RF_smooth_200,526.0,472,0.9
5,190726,7,247.0,700.0,0.2,2,2,MT-RF_smooth_200,127.0,138,-0.18333333333333332
6,190730,3,532.0,1398.0,0.2,3,2,MT-RF_smooth_200,412.0,89,5.383333333333334
7,190730,11,99999.0,1203.0,0.2,4,2,MT-RF_smooth_200,99879.0,0,1664.65
8,190802,5,277.0,938.0,0.2,3,2,MT-RF_smooth_200,157.0,407,-4.166666666666667
9,190802,9,396.0,674.0,0.2,2,2,MT-RF_smooth_200,276.0,165,1.85
10,190802,10,99999.0,976.0,0.2,4,2,MT-RF_smooth_200,99879.0,200,1661.3166666666666
11,190806,10,649.0,1355.0,0.2,5,2,MT-RF_smooth_200,529.0,409,2.0
12,190820,15,290.0,818.0,0.2,5,2,MT-RF_smooth_200,170.0,348,-2.966666666666667
13,190823,1,723.0,2901.0,0.2,5,2,MT-RF_smooth_200,603.0,379,3.7333333333333334
14,190823,3,779.0,2905.0,0.2,9,2,MT-RF_smooth_200,659.0,1900,-20.683333333333334
15,190823,12,1120.0,2435.0,0.2,6,2,MT-RF_smooth_200,1000.0,1130,-2.1666666666666665
16,190823,15,1039.0,2917.0,0.2,4,2,MT-RF_smooth_200,919.0,1686,-12.783333333333333
0,190712,19,426.0,1258.0,0.2,5,2,MT-RF_neg_smooth_60,306.0,973,-11.116666666666667
1,190719,7,224.0,1235.0,0.2,6,2,MT-RF_neg_smooth_60,104.0,238,-2.2333333333333334
2,190719,11,254.0,434.0,0.2,6,2,MT-RF_neg_smooth_60,134.0,100,0.5666666666666667
3,190723,2,1093.0,1886.0,0.2,4,2,MT-RF_neg_smooth_60,973.0,713,4.333333333333333
4,190723,6,650.0,1084.0,0.2,4,2,MT-RF_neg_smooth_60,530.0,472,0.9666666666666667
5,190726,7,184.0,782.0,0.2,3,2,MT-RF_neg_smooth_60,64.0,138,-1.2333333333333334
6,190730,3,550.0,1479.0,0.2,4,2,MT-RF_neg_smooth_60,430.0,89,5.683333333333334
7,190730,11,99999.0,1296.0,0.2,4,2,MT-RF_neg_smooth_60,99879.0,0,1664.65
8,190802,5,245.0,1065.0,0.2,4,2,MT-RF_neg_smooth_60,125.0,407,-4.7
9,190802,9,330.0,744.0,0.2,4,2,MT-RF_neg_smooth_60,210.0,165,0.75
10,190802,10,652.0,1061.0,0.2,4,2,MT-RF_neg_smooth_60,532.0,200,5.533333333333333
11,190806,10,555.0,1446.0,0.2,6,2,MT-RF_neg_smooth_60,435.0,409,0.43333333333333335
12,190820,15,523.0,906.0,0.2,5,2,MT-RF_neg_smooth_60,403.0,348,0.9166666666666666
13,190823,1,909.0,2976.0,0.2,5,2,MT-RF_neg_smooth_60,789.0,379,6.833333333333333
14,190823,3,836.0,2980.0,0.2,9,2,MT-RF_neg_smooth_60,716.0,1900,-19.733333333333334
15,190823,12,1162.0,2522.0,0.2,6,2,MT-RF_neg_smooth_60,1042.0,1130,-1.4666666666666666
16,190823,15,1496.0,2990.0,0.2,4,2,MT-RF_neg_smooth_60,1376.0,1686,-5.166666666666667
0,190712,19,1049.0,1184.0,0.3,5,2,MT-RF_neg_smooth_200,929.0,973,-0.7333333333333333
1,190719,7,278.0,1160.0,0.3,6,2,MT-RF_neg_smooth_200,158.0,238,-1.3333333333333333
2,190719,11,224.0,363.0,0.3,5,2,MT-RF_neg_smooth_200,104.0,100,0.06666666666666667
3,190723,2,1521.0,1816.0,0.3,4,2,MT-RF_neg_smooth_200,1401.0,713,11.466666666666667
4,190723,6,931.0,1012.0,0.3,3,2,MT-RF_neg_smooth_200,811.0,472,5.65
5,190726,7,247.0,700.0,0.3,2,2,MT-RF_neg_smooth_200,127.0,138,-0.18333333333333332
6,190730,3,639.0,1398.0,0.3,4,2,MT-RF_neg_smooth_200,519.0,89,7.166666666666667
7,190730,11,99999.0,1203.0,0.3,3,2,MT-RF_neg_smooth_200,99879.0,0,1664.65
8,190802,5,277.0,938.0,0.3,3,2,MT-RF_neg_smooth_200,157.0,407,-4.166666666666667
9,190802,9,396.0,674.0,0.3,2,2,MT-RF_neg_smooth_200,276.0,165,1.85
10,190802,10,99999.0,976.0,0.3,3,2,MT-RF_neg_smooth_200,99879.0,200,1661.3166666666666
11,190806,10,649.0,1355.0,0.3,5,2,MT-RF_neg_smooth_200,529.0,409,2.0
12,190820,15,480.0,818.0,0.3,5,2,MT-RF_neg_smooth_200,360.0,348,0.2
13,190823,1,927.0,2901.0,0.3,5,2,MT-RF_neg_smooth_200,807.0,379,7.133333333333334
14,190823,3,779.0,2905.0,0.3,9,2,MT-RF_neg_smooth_200,659.0,1900,-20.683333333333334
15,190823,12,1184.0,2435.0,0.3,6,2,MT-RF_neg_smooth_200,1064.0,1130,-1.1
16,190823,15,1979.0,2917.0,0.3,4,2,MT-RF_neg_smooth_200,1859.0,1686,2.8833333333333333
0,190712,19,1012.0,1184.0,0.3,5,2,MT-RF_smooth_200,892.0,973,-1.35
1,190719,7,801.0,1160.0,0.3,6,2,MT-RF_smooth_200,681.0,238,7.383333333333334
2,190719,11,224.0,363.0,0.3,4,2,MT-RF_smooth_200,104.0,100,0.06666666666666667
3,190723,2,1031.0,1816.0,0.3,4,2,MT-RF_smooth_200,911.0,713,3.3
4,190723,6,675.0,1012.0,0.3,4,2,MT-RF_smooth_200,555.0,472,1.3833333333333333
5,190726,7,247.0,700.0,0.3,2,2,MT-RF_smooth_200,127.0,138,-0.18333333333333332
6,190730,3,547.0,1398.0,0.3,3,2,MT-RF_smooth_200,427.0,89,5.633333333333334
7,190730,11,99999.0,1203.0,0.3,4,2,MT-RF_smooth_200,99879.0,0,1664.65
8,190802,5,277.0,938.0,0.3,3,2,MT-RF_smooth_200,157.0,407,-4.166666666666667
9,190802,9,396.0,674.0,0.3,2,2,MT-RF_smooth_200,276.0,165,1.85
10,190802,10,99999.0,976.0,0.3,4,2,MT-RF_smooth_200,99879.0,200,1661.3166666666666
11,190806,10,670.0,1355.0,0.3,5,2,MT-RF_smooth_200,550.0,409,2.35
12,190820,15,290.0,818.0,0.3,5,2,MT-RF_smooth_200,170.0,348,-2.966666666666667
13,190823,1,731.0,2901.0,0.3,5,2,MT-RF_smooth_200,611.0,379,3.8666666666666667
14,190823,3,779.0,2905.0,0.3,9,2,MT-RF_smooth_200,659.0,1900,-20.683333333333334
15,190823,12,1188.0,2435.0,0.3,6,2,MT-RF_smooth_200,1068.0,1130,-1.0333333333333334
16,190823,15,1039.0,2917.0,0.3,4,2,MT-RF_smooth_200,919.0,1686,-12.783333333333333
0,190712,19,1038.0,1258.0,0.3,5,2,MT-RF_neg_smooth_60,918.0,973,-0.9166666666666666
1,190719,7,547.0,1235.0,0.3,6,2,MT-RF_neg_smooth_60,427.0,238,3.15
2,190719,11,260.0,434.0,0.3,6,2,MT-RF_neg_smooth_60,140.0,100,0.6666666666666666
3,190723,2,1104.0,1886.0,0.3,4,2,MT-RF_neg_smooth_60,984.0,713,4.516666666666667
4,190723,6,657.0,1084.0,0.3,4,2,MT-RF_neg_smooth_60,537.0,472,1.0833333333333333
5,190726,7,184.0,782.0,0.3,3,2,MT-RF_neg_smooth_60,64.0,138,-1.2333333333333334
6,190730,3,566.0,1479.0,0.3,4,2,MT-RF_neg_smooth_60,446.0,89,5.95
7,190730,11,99999.0,1296.0,0.3,4,2,MT-RF_neg_smooth_60,99879.0,0,1664.65
8,190802,5,250.0,1065.0,0.3,4,2,MT-RF_neg_smooth_60,130.0,407,-4.616666666666666
9,190802,9,330.0,744.0,0.3,4,2,MT-RF_neg_smooth_60,210.0,165,0.75
10,190802,10,99999.0,1061.0,0.3,4,2,MT-RF_neg_smooth_60,99879.0,200,1661.3166666666666
11,190806,10,574.0,1446.0,0.3,6,2,MT-RF_neg_smooth_60,454.0,409,0.75
12,190820,15,560.0,906.0,0.3,5,2,MT-RF_neg_smooth_60,440.0,348,1.5333333333333334
13,190823,1,924.0,2976.0,0.3,5,2,MT-RF_neg_smooth_60,804.0,379,7.083333333333333
14,190823,3,836.0,2980.0,0.3,9,2,MT-RF_neg_smooth_60,716.0,1900,-19.733333333333334
15,190823,12,1190.0,2522.0,0.3,6,2,MT-RF_neg_smooth_60,1070.0,1130,-1.0
16,190823,15,2350.0,2990.0,0.3,4,2,MT-RF_neg_smooth_60,2230.0,1686,9.066666666666666
0,190712,19,681.0,1181.0,0.1,4,3,MT-RF_neg_smooth_200,561.0,973,-6.866666666666666
1,190719,7,324.0,1148.0,0.1,6,3,MT-RF_neg_smooth_200,204.0,238,-0.5666666666666667
2,190719,11,230.0,358.0,0.1,5,3,MT-RF_neg_smooth_200,110.0,100,0.16666666666666666
3,190723,2,1010.0,1065.0,0.1,4,3,MT-RF_neg_smooth_200,890.0,713,2.95
4,190723,6,643.0,1002.0,0.1,2,3,MT-RF_neg_smooth_200,523.0,472,0.85
5,190730,3,319.0,1388.0,0.1,3,3,MT-RF_neg_smooth_200,199.0,89,1.8333333333333333
6,190730,11,99999.0,1047.0,0.1,3,3,MT-RF_neg_smooth_200,99879.0,0,1664.65
7,190802,5,99999.0,327.0,0.1,2,3,MT-RF_neg_smooth_200,99879.0,407,1657.8666666666666
8,190802,9,99999.0,641.0,0.1,1,3,MT-RF_neg_smooth_200,99879.0,165,1661.9
9,190802,10,99999.0,866.0,0.1,1,3,MT-RF_neg_smooth_200,99879.0,200,1661.3166666666666
10,190806,10,809.0,1343.0,0.1,5,3,MT-RF_neg_smooth_200,689.0,409,4.666666666666667
11,190820,15,341.0,796.0,0.1,5,3,MT-RF_neg_smooth_200,221.0,348,-2.1166666666666667
12,190823,1,775.0,2893.0,0.1,5,3,MT-RF_neg_smooth_200,655.0,379,4.6
13,190823,3,1012.0,2904.0,0.1,9,3,MT-RF_neg_smooth_200,892.0,1900,-16.8
14,190823,12,1143.0,2435.0,0.1,6,3,MT-RF_neg_smooth_200,1023.0,1130,-1.7833333333333334
15,190823,15,1653.0,2511.0,0.1,3,3,MT-RF_neg_smooth_200,1533.0,1686,-2.55
0,190712,19,681.0,1181.0,0.1,4,3,MT-RF_smooth_200,561.0,973,-6.866666666666666
1,190719,7,452.0,1148.0,0.1,6,3,MT-RF_smooth_200,332.0,238,1.5666666666666667
2,190719,11,230.0,358.0,0.1,4,3,MT-RF_smooth_200,110.0,100,0.16666666666666666
3,190723,2,1028.0,1065.0,0.1,4,3,MT-RF_smooth_200,908.0,713,3.25
4,190723,6,641.0,1002.0,0.1,2,3,MT-RF_smooth_200,521.0,472,0.8166666666666667
5,190730,3,319.0,1388.0,0.1,2,3,MT-RF_smooth_200,199.0,89,1.8333333333333333
6,190730,11,99999.0,1047.0,0.1,1,3,MT-RF_smooth_200,99879.0,0,1664.65
7,190802,5,99999.0,327.0,0.1,1,3,MT-RF_smooth_200,99879.0,407,1657.8666666666666
8,190802,9,99999.0,641.0,0.1,1,3,MT-RF_smooth_200,99879.0,165,1661.9
9,190802,10,99999.0,866.0,0.1,1,3,MT-RF_smooth_200,99879.0,200,1661.3166666666666
10,190806,10,809.0,1343.0,0.1,5,3,MT-RF_smooth_200,689.0,409,4.666666666666667
11,190820,15,341.0,796.0,0.1,3,3,MT-RF_smooth_200,221.0,348,-2.1166666666666667
12,190823,1,773.0,2893.0,0.1,5,3,MT-RF_smooth_200,653.0,379,4.566666666666666
13,190823,3,1012.0,2904.0,0.1,9,3,MT-RF_smooth_200,892.0,1900,-16.8
14,190823,12,1129.0,2435.0,0.1,6,3,MT-RF_smooth_200,1009.0,1130,-2.0166666666666666
15,190823,15,1653.0,2511.0,0.1,3,3,MT-RF_smooth_200,1533.0,1686,-2.55
0,190712,19,585.0,1256.0,0.1,5,3,MT-RF_neg_smooth_60,465.0,973,-8.466666666666667
1,190719,7,233.0,1230.0,0.1,6,3,MT-RF_neg_smooth_60,113.0,238,-2.0833333333333335
2,190719,11,246.0,434.0,0.1,6,3,MT-RF_neg_smooth_60,126.0,100,0.43333333333333335
3,190723,2,1096.0,1144.0,0.1,4,3,MT-RF_neg_smooth_60,976.0,713,4.383333333333334
4,190723,6,646.0,1084.0,0.1,4,3,MT-RF_neg_smooth_60,526.0,472,0.9
5,190730,3,243.0,1470.0,0.1,3,3,MT-RF_neg_smooth_60,123.0,89,0.5666666666666667
6,190730,11,99999.0,1185.0,0.1,3,3,MT-RF_neg_smooth_60,99879.0,0,1664.65
7,190802,5,299.0,498.0,0.1,2,3,MT-RF_neg_smooth_60,179.0,407,-3.8
8,190802,9,531.0,721.0,0.1,3,3,MT-RF_neg_smooth_60,411.0,165,4.1
9,190802,10,99999.0,963.0,0.1,2,3,MT-RF_neg_smooth_60,99879.0,200,1661.3166666666666
10,190806,10,745.0,1446.0,0.1,6,3,MT-RF_neg_smooth_60,625.0,409,3.6
11,190820,15,332.0,904.0,0.1,5,3,MT-RF_neg_smooth_60,212.0,348,-2.2666666666666666
12,190823,1,863.0,2974.0,0.1,5,3,MT-RF_neg_smooth_60,743.0,379,6.066666666666666
13,190823,3,951.0,2977.0,0.1,9,3,MT-RF_neg_smooth_60,831.0,1900,-17.816666666666666
14,190823,12,1136.0,2498.0,0.1,6,3,MT-RF_neg_smooth_60,1016.0,1130,-1.9
15,190823,15,1692.0,2585.0,0.1,4,3,MT-RF_neg_smooth_60,1572.0,1686,-1.9
0,190712,19,681.0,1181.0,0.2,4,3,MT-RF_neg_smooth_200,561.0,973,-6.866666666666666
1,190719,7,324.0,1148.0,0.2,6,3,MT-RF_neg_smooth_200,204.0,238,-0.5666666666666667
2,190719,11,230.0,358.0,0.2,5,3,MT-RF_neg_smooth_200,110.0,100,0.16666666666666666
3,190723,2,1032.0,1065.0,0.2,4,3,MT-RF_neg_smooth_200,912.0,713,3.316666666666667
4,190723,6,678.0,1002.0,0.2,2,3,MT-RF_neg_smooth_200,558.0,472,1.4333333333333333
5,190730,3,319.0,1388.0,0.2,3,3,MT-RF_neg_smooth_200,199.0,89,1.8333333333333333
6,190730,11,99999.0,1047.0,0.2,3,3,MT-RF_neg_smooth_200,99879.0,0,1664.65
7,190802,5,99999.0,327.0,0.2,2,3,MT-RF_neg_smooth_200,99879.0,407,1657.8666666666666
8,190802,9,99999.0,641.0,0.2,1,3,MT-RF_neg_smooth_200,99879.0,165,1661.9
9,190802,10,99999.0,866.0,0.2,1,3,MT-RF_neg_smooth_200,99879.0,200,1661.3166666666666
10,190806,10,809.0,1343.0,0.2,5,3,MT-RF_neg_smooth_200,689.0,409,4.666666666666667
11,190820,15,341.0,796.0,0.2,5,3,MT-RF_neg_smooth_200,221.0,348,-2.1166666666666667
12,190823,1,828.0,2893.0,0.2,5,3,MT-RF_neg_smooth_200,708.0,379,5.483333333333333
13,190823,3,1012.0,2904.0,0.2,9,3,MT-RF_neg_smooth_200,892.0,1900,-16.8
14,190823,12,1157.0,2435.0,0.2,6,3,MT-RF_neg_smooth_200,1037.0,1130,-1.55
15,190823,15,1753.0,2511.0,0.2,3,3,MT-RF_neg_smooth_200,1633.0,1686,-0.8833333333333333
0,190712,19,681.0,1181.0,0.2,4,3,MT-RF_smooth_200,561.0,973,-6.866666666666666
1,190719,7,463.0,1148.0,0.2,6,3,MT-RF_smooth_200,343.0,238,1.75
2,190719,11,230.0,358.0,0.2,4,3,MT-RF_smooth_200,110.0,100,0.16666666666666666
3,190723,2,1032.0,1065.0,0.2,4,3,MT-RF_smooth_200,912.0,713,3.316666666666667
4,190723,6,648.0,1002.0,0.2,2,3,MT-RF_smooth_200,528.0,472,0.9333333333333333
5,190730,3,319.0,1388.0,0.2,2,3,MT-RF_smooth_200,199.0,89,1.8333333333333333
6,190730,11,99999.0,1047.0,0.2,1,3,MT-RF_smooth_200,99879.0,0,1664.65
7,190802,5,99999.0,327.0,0.2,1,3,MT-RF_smooth_200,99879.0,407,1657.8666666666666
8,190802,9,99999.0,641.0,0.2,1,3,MT-RF_smooth_200,99879.0,165,1661.9
9,190802,10,99999.0,866.0,0.2,1,3,MT-RF_smooth_200,99879.0,200,1661.3166666666666
10,190806,10,809.0,1343.0,0.2,5,3,MT-RF_smooth_200,689.0,409,4.666666666666667
11,190820,15,341.0,796.0,0.2,3,3,MT-RF_smooth_200,221.0,348,-2.1166666666666667
12,190823,1,791.0,2893.0,0.2,5,3,MT-RF_smooth_200,671.0,379,4.866666666666666
13,190823,3,1012.0,2904.0,0.2,9,3,MT-RF_smooth_200,892.0,1900,-16.8
14,190823,12,1146.0,2435.0,0.2,6,3,MT-RF_smooth_200,1026.0,1130,-1.7333333333333334
15,190823,15,1653.0,2511.0,0.2,3,3,MT-RF_smooth_200,1533.0,1686,-2.55
0,190712,19,585.0,1256.0,0.2,5,3,MT-RF_neg_smooth_60,465.0,973,-8.466666666666667
1,190719,7,239.0,1230.0,0.2,6,3,MT-RF_neg_smooth_60,119.0,238,-1.9833333333333334
2,190719,11,250.0,434.0,0.2,6,3,MT-RF_neg_smooth_60,130.0,100,0.5
3,190723,2,1098.0,1144.0,0.2,4,3,MT-RF_neg_smooth_60,978.0,713,4.416666666666667
4,190723,6,724.0,1084.0,0.2,4,3,MT-RF_neg_smooth_60,604.0,472,2.2
5,190730,3,243.0,1470.0,0.2,3,3,MT-RF_neg_smooth_60,123.0,89,0.5666666666666667
6,190730,11,99999.0,1185.0,0.2,3,3,MT-RF_neg_smooth_60,99879.0,0,1664.65
7,190802,5,305.0,498.0,0.2,2,3,MT-RF_neg_smooth_60,185.0,407,-3.7
8,190802,9,531.0,721.0,0.2,3,3,MT-RF_neg_smooth_60,411.0,165,4.1
9,190802,10,99999.0,963.0,0.2,2,3,MT-RF_neg_smooth_60,99879.0,200,1661.3166666666666
10,190806,10,745.0,1446.0,0.2,6,3,MT-RF_neg_smooth_60,625.0,409,3.6
11,190820,15,430.0,904.0,0.2,5,3,MT-RF_neg_smooth_60,310.0,348,-0.6333333333333333
12,190823,1,900.0,2974.0,0.2,5,3,MT-RF_neg_smooth_60,780.0,379,6.683333333333334
13,190823,3,951.0,2977.0,0.2,9,3,MT-RF_neg_smooth_60,831.0,1900,-17.816666666666666
14,190823,12,1144.0,2498.0,0.2,6,3,MT-RF_neg_smooth_60,1024.0,1130,-1.7666666666666666
15,190823,15,1706.0,2585.0,0.2,4,3,MT-RF_neg_smooth_60,1586.0,1686,-1.6666666666666667
0,190712,19,1066.0,1181.0,0.3,4,3,MT-RF_neg_smooth_200,946.0,973,-0.45
1,190719,7,324.0,1148.0,0.3,6,3,MT-RF_neg_smooth_200,204.0,238,-0.5666666666666667
2,190719,11,230.0,358.0,0.3,5,3,MT-RF_neg_smooth_200,110.0,100,0.16666666666666666
3,190723,2,99999.0,1065.0,0.3,4,3,MT-RF_neg_smooth_200,99879.0,713,1652.7666666666667
4,190723,6,712.0,1002.0,0.3,2,3,MT-RF_neg_smooth_200,592.0,472,2.0
5,190730,3,319.0,1388.0,0.3,3,3,MT-RF_neg_smooth_200,199.0,89,1.8333333333333333
6,190730,11,99999.0,1047.0,0.3,3,3,MT-RF_neg_smooth_200,99879.0,0,1664.65
7,190802,5,99999.0,327.0,0.3,2,3,MT-RF_neg_smooth_200,99879.0,407,1657.8666666666666
8,190802,9,99999.0,641.0,0.3,1,3,MT-RF_neg_smooth_200,99879.0,165,1661.9
9,190802,10,99999.0,866.0,0.3,1,3,MT-RF_neg_smooth_200,99879.0,200,1661.3166666666666
10,190806,10,809.0,1343.0,0.3,5,3,MT-RF_neg_smooth_200,689.0,409,4.666666666666667
11,190820,15,494.0,796.0,0.3,5,3,MT-RF_neg_smooth_200,374.0,348,0.43333333333333335
12,190823,1,913.0,2893.0,0.3,5,3,MT-RF_neg_smooth_200,793.0,379,6.9
13,190823,3,1012.0,2904.0,0.3,9,3,MT-RF_neg_smooth_200,892.0,1900,-16.8
14,190823,12,1194.0,2435.0,0.3,6,3,MT-RF_neg_smooth_200,1074.0,1130,-0.9333333333333333
15,190823,15,1760.0,2511.0,0.3,3,3,MT-RF_neg_smooth_200,1640.0,1686,-0.7666666666666667
0,190712,19,1007.0,1181.0,0.3,4,3,MT-RF_smooth_200,887.0,973,-1.4333333333333333
1,190719,7,485.0,1148.0,0.3,6,3,MT-RF_smooth_200,365.0,238,2.1166666666666667
2,190719,11,230.0,358.0,0.3,4,3,MT-RF_smooth_200,110.0,100,0.16666666666666666
3,190723,2,1033.0,1065.0,0.3,4,3,MT-RF_smooth_200,913.0,713,3.3333333333333335
4,190723,6,713.0,1002.0,0.3,2,3,MT-RF_smooth_200,593.0,472,2.0166666666666666
5,190730,3,319.0,1388.0,0.3,2,3,MT-RF_smooth_200,199.0,89,1.8333333333333333
6,190730,11,99999.0,1047.0,0.3,1,3,MT-RF_smooth_200,99879.0,0,1664.65
7,190802,5,99999.0,327.0,0.3,1,3,MT-RF_smooth_200,99879.0,407,1657.8666666666666
8,190802,9,99999.0,641.0,0.3,1,3,MT-RF_smooth_200,99879.0,165,1661.9
9,190802,10,99999.0,866.0,0.3,1,3,MT-RF_smooth_200,99879.0,200,1661.3166666666666
10,190806,10,809.0,1343.0,0.3,5,3,MT-RF_smooth_200,689.0,409,4.666666666666667
11,190820,15,494.0,796.0,0.3,3,3,MT-RF_smooth_200,374.0,348,0.43333333333333335
12,190823,1,805.0,2893.0,0.3,5,3,MT-RF_smooth_200,685.0,379,5.1
13,190823,3,1012.0,2904.0,0.3,9,3,MT-RF_smooth_200,892.0,1900,-16.8
14,190823,12,1193.0,2435.0,0.3,6,3,MT-RF_smooth_200,1073.0,1130,-0.95
15,190823,15,1653.0,2511.0,0.3,3,3,MT-RF_smooth_200,1533.0,1686,-2.55
0,190712,19,1054.0,1256.0,0.3,5,3,MT-RF_neg_smooth_60,934.0,973,-0.65
1,190719,7,240.0,1230.0,0.3,6,3,MT-RF_neg_smooth_60,120.0,238,-1.9666666666666666
2,190719,11,261.0,434.0,0.3,6,3,MT-RF_neg_smooth_60,141.0,100,0.6833333333333333
3,190723,2,1103.0,1144.0,0.3,4,3,MT-RF_neg_smooth_60,983.0,713,4.5
4,190723,6,739.0,1084.0,0.3,4,3,MT-RF_neg_smooth_60,619.0,472,2.45
5,190730,3,253.0,1470.0,0.3,3,3,MT-RF_neg_smooth_60,133.0,89,0.7333333333333333
6,190730,11,99999.0,1185.0,0.3,3,3,MT-RF_neg_smooth_60,99879.0,0,1664.65
7,190802,5,309.0,498.0,0.3,2,3,MT-RF_neg_smooth_60,189.0,407,-3.6333333333333333
8,190802,9,531.0,721.0,0.3,3,3,MT-RF_neg_smooth_60,411.0,165,4.1
9,190802,10,99999.0,963.0,0.3,2,3,MT-RF_neg_smooth_60,99879.0,200,1661.3166666666666
10,190806,10,747.0,1446.0,0.3,6,3,MT-RF_neg_smooth_60,627.0,409,3.6333333333333333
11,190820,15,541.0,904.0,0.3,5,3,MT-RF_neg_smooth_60,421.0,348,1.2166666666666666
12,190823,1,1003.0,2974.0,0.3,5,3,MT-RF_neg_smooth_60,883.0,379,8.4
13,190823,3,951.0,2977.0,0.3,9,3,MT-RF_neg_smooth_60,831.0,1900,-17.816666666666666
14,190823,12,1241.0,2498.0,0.3,6,3,MT-RF_neg_smooth_60,1121.0,1130,-0.15
15,190823,15,2025.0,2585.0,0.3,4,3,MT-RF_neg_smooth_60,1905.0,1686,3.65
