,date,cell,ROI,level_3,channel,Slice,Mean_norm,index
0,210309,05,0009-0103-0377,922,eos,1,0.35156723575676185,
1,210309,05,0009-0103-0377,923,eos,2,0.46628045271436774,
2,210309,05,0009-0103-0377,924,eos,3,0.6017341262229042,
3,210309,05,0009-0103-0377,925,eos,4,0.8560138116247843,
4,210309,05,0009-0103-0377,926,eos,6,0.8580318434682523,
5,210309,05,0009-0103-0377,927,eos,7,0.4844657586802224,
6,210309,05,0009-0103-0377,928,eos,8,0.23525033569921347,
7,210309,05,0009-0103-0377,929,eos,9,0.1519278726261271,
8,210309,05,0009-0103-0377,457,halo,1,0.26396159655693274,
9,210309,05,0009-0103-0377,458,halo,2,0.5757412733555419,
10,210309,05,0009-0103-0377,459,halo,3,0.8053756543690123,
11,210309,05,0009-0103-0377,460,halo,4,0.9358149351321147,
12,210309,05,0009-0103-0377,461,halo,6,0.7399697903950008,
13,210309,05,0009-0103-0377,462,halo,7,0.41037472325105,
14,210309,05,0009-0103-0377,463,halo,8,0.29406774400463465,
15,210309,05,0009-0103-0377,464,halo,9,0.3013097726003023,
16,210309,05,0009-0154-0187,914,eos,1,0.8633864206914025,
17,210309,05,0009-0154-0187,915,eos,2,0.961808194569198,
18,210309,05,0009-0154-0187,916,eos,4,0.8612185909394504,
19,210309,05,0009-0154-0187,917,eos,5,0.6789107303254337,
20,210309,05,0009-0154-0187,918,eos,6,0.4744668232801309,
21,210309,05,0009-0154-0187,919,eos,7,0.2734142886754647,
22,210309,05,0009-0154-0187,449,halo,1,0.7800511788635668,
23,210309,05,0009-0154-0187,450,halo,2,0.8449980315821701,
24,210309,05,0009-0154-0187,451,halo,4,0.8920213463977952,
25,210309,05,0009-0154-0187,452,halo,5,0.5787804557980838,
26,210309,05,0009-0154-0187,453,halo,6,0.37222781155679985,
27,210309,05,0009-0154-0187,454,halo,7,0.1817615152443026,
28,210309,05,0009-0327-0374,907,eos,1,0.812747852969791,
29,210309,05,0009-0327-0374,908,eos,2,0.9511109245440493,
30,210309,05,0009-0327-0374,909,eos,5,0.7813239237686986,
31,210309,05,0009-0327-0374,910,eos,6,0.5889505108919497,
32,210309,05,0009-0327-0374,911,eos,7,0.38852233948510795,
33,210309,05,0009-0327-0374,442,halo,1,0.6035500555119282,
34,210309,05,0009-0327-0374,443,halo,2,0.8903707113650521,
35,210309,05,0009-0327-0374,444,halo,5,0.8291315768095534,
36,210309,05,0009-0327-0374,445,halo,6,0.5684827642232395,
37,210309,05,0009-0327-0374,446,halo,7,0.3170543475317501,
38,210309,06,0001-0129-0221,875,eos,1,0.6097049134417677,
39,210309,06,0001-0129-0221,876,eos,2,0.8435687491248369,
40,210309,06,0001-0129-0221,877,eos,3,0.9912483694330417,
41,210309,06,0001-0129-0221,878,eos,6,0.6615329908835648,
42,210309,06,0001-0129-0221,879,eos,7,0.4595619394350316,
43,210309,06,0001-0129-0221,880,eos,8,0.33864204172777457,
44,210309,06,0001-0129-0221,410,halo,1,0.3229737024755145,
45,210309,06,0001-0129-0221,411,halo,2,0.6498547595177501,
46,210309,06,0001-0129-0221,412,halo,3,0.9730855247937065,
47,210309,06,0001-0129-0221,413,halo,6,0.6897766124264155,
48,210309,06,0001-0129-0221,414,halo,7,0.3690136500347031,
49,210309,06,0001-0129-0221,415,halo,8,0.26135574920953186,
50,210309,06,0001-0200-0179,881,eos,1,0.8675650197871457,
51,210309,06,0001-0200-0179,882,eos,2,0.8765682850077646,
52,210309,06,0001-0200-0179,883,eos,3,0.9656354884396617,
53,210309,06,0001-0200-0179,884,eos,5,0.7295195070746446,
54,210309,06,0001-0200-0179,885,eos,6,0.4778925892698567,
55,210309,06,0001-0200-0179,886,eos,7,0.3360945775478513,
56,210309,06,0001-0200-0179,416,halo,1,0.47708668323344555,
57,210309,06,0001-0200-0179,417,halo,2,0.606965355942114,
58,210309,06,0001-0200-0179,418,halo,3,0.9587779564391166,
59,210309,06,0001-0200-0179,419,halo,5,0.7751425230229502,
60,210309,06,0001-0200-0179,420,halo,6,0.5365443648589382,
61,210309,06,0001-0200-0179,421,halo,7,0.35404180675339814,
62,210309,06,0001-0295-0365,894,eos,1,0.42366329783924056,
63,210309,06,0001-0295-0365,895,eos,2,0.5660435373054016,
64,210309,06,0001-0295-0365,896,eos,3,0.6451017786091049,
65,210309,06,0001-0295-0365,897,eos,4,0.8287644907775146,
66,210309,06,0001-0295-0365,898,eos,7,0.5596011581640683,
67,210309,06,0001-0295-0365,899,eos,8,0.3211342979819979,
68,210309,06,0001-0295-0365,429,halo,1,0.19392267612417366,
69,210309,06,0001-0295-0365,430,halo,2,0.5151276325583426,
70,210309,06,0001-0295-0365,431,halo,3,0.5283506283112224,
71,210309,06,0001-0295-0365,432,halo,4,0.8387407504706864,
72,210309,06,0001-0295-0365,433,halo,7,0.6807653575025178,
73,210309,06,0001-0295-0365,434,halo,8,0.342309207933798,
74,210309,06,0001-0405-0332,888,eos,1,0.6459797984375796,
75,210309,06,0001-0405-0332,889,eos,2,0.7399147976727981,
76,210309,06,0001-0405-0332,890,eos,3,0.9559400864486377,
77,210309,06,0001-0405-0332,891,eos,5,0.7840540219010768,
78,210309,06,0001-0405-0332,892,eos,6,0.5005806674559967,
79,210309,06,0001-0405-0332,893,eos,7,0.2924949439443465,
80,210309,06,0001-0405-0332,423,halo,1,0.5258367883506933,
81,210309,06,0001-0405-0332,424,halo,2,0.8595409040347864,
82,210309,06,0001-0405-0332,425,halo,3,0.7471938517544746,
83,210309,06,0001-0405-0332,426,halo,5,0.8595409040347864,
84,210309,06,0001-0405-0332,427,halo,6,0.9269390231570435,
85,210309,06,0001-0405-0332,428,halo,7,0.5561735261401559,
86,210309,06,0007-0198-0178,900,eos,1,0.8855923672593532,
87,210309,06,0007-0198-0178,901,eos,2,0.8621402511183458,
88,210309,06,0007-0198-0178,902,eos,3,0.9470166806613338,
89,210309,06,0007-0198-0178,903,eos,5,0.7424588384917187,
90,210309,06,0007-0198-0178,904,eos,6,0.491900279402305,
91,210309,06,0007-0198-0178,905,eos,7,0.35781663548556597,
92,210309,06,0007-0198-0178,435,halo,1,0.47667937811674993,
93,210309,06,0007-0198-0178,436,halo,2,0.5750220005866821,
94,210309,06,0007-0198-0178,437,halo,3,0.914894397183925,
95,210309,06,0007-0198-0178,438,halo,5,0.788977706072162,
96,210309,06,0007-0198-0178,439,halo,6,0.5133470225872692,
97,210309,06,0007-0198-0178,440,halo,7,0.35545614549721294,
98,210309,07,0001-0135-0267,816,eos,1,0.543439865150732,
99,210309,07,0001-0135-0267,817,eos,2,0.7931393420054128,
100,210309,07,0001-0135-0267,818,eos,3,0.9162027305633716,
101,210309,07,0001-0135-0267,819,eos,6,0.9279214543305553,
102,210309,07,0001-0135-0267,820,eos,7,0.7566534817033451,
103,210309,07,0001-0135-0267,821,eos,8,0.5632978973453231,
104,210309,07,0001-0135-0267,822,eos,9,0.26063919090438986,
105,210309,07,0001-0135-0267,351,halo,1,0.34511755973020597,
106,210309,07,0001-0135-0267,352,halo,2,0.5556257609147929,
107,210309,07,0001-0135-0267,353,halo,3,0.7566613755798366,
108,210309,07,0001-0135-0267,354,halo,6,0.8800721231641729,
109,210309,07,0001-0135-0267,355,halo,7,0.6999799657877298,
110,210309,07,0001-0135-0267,356,halo,8,0.4726019304761465,
111,210309,07,0001-0135-0267,357,halo,9,0.2608916765553483,
112,210309,07,0001-0171-0168,842,eos,1,0.4163333729325889,
113,210309,07,0001-0171-0168,843,eos,2,0.6151920343897536,
114,210309,07,0001-0171-0168,844,eos,3,0.754396617343594,
115,210309,07,0001-0171-0168,845,eos,6,0.84526370904227,
116,210309,07,0001-0171-0168,846,eos,7,0.5804326878654681,
117,210309,07,0001-0171-0168,847,eos,8,0.27701879204670943,
118,210309,07,0001-0171-0168,848,eos,9,0.1127038811670341,
119,210309,07,0001-0171-0168,377,halo,1,0.2615902237025703,
120,210309,07,0001-0171-0168,378,halo,2,0.441666291578521,
121,210309,07,0001-0171-0168,379,halo,3,0.7565715443129137,
122,210309,07,0001-0171-0168,380,halo,6,0.7705135706891119,
123,210309,07,0001-0171-0168,381,halo,7,0.4387293513975782,
124,210309,07,0001-0171-0168,382,halo,8,0.21042444974569013,
125,210309,07,0001-0171-0168,383,halo,9,0.12555700589638552,
126,210309,07,0001-0173-0328,824,eos,1,0.5036326364499646,
127,210309,07,0001-0173-0328,825,eos,2,0.553230936195228,
128,210309,07,0001-0173-0328,826,eos,3,0.7345839048580861,
129,210309,07,0001-0173-0328,827,eos,4,0.847482025232504,
130,210309,07,0001-0173-0328,828,eos,6,0.9847534781363523,
131,210309,07,0001-0173-0328,829,eos,7,0.8603771309708639,
132,210309,07,0001-0173-0328,830,eos,8,0.6212109793045235,
133,210309,07,0001-0173-0328,831,eos,9,0.2670666083837028,
134,210309,07,0001-0173-0328,359,halo,1,0.3604244079330258,
135,210309,07,0001-0173-0328,360,halo,2,0.6075077226127055,
136,210309,07,0001-0173-0328,361,halo,3,0.7646416260017012,
137,210309,07,0001-0173-0328,362,halo,4,0.9137887809464118,
138,210309,07,0001-0173-0328,363,halo,6,0.9012445717867215,
139,210309,07,0001-0173-0328,364,halo,7,0.7288355643103371,
140,210309,07,0001-0173-0328,365,halo,8,0.5156153467341182,
141,210309,07,0001-0173-0328,366,halo,9,0.27611586157496526,
142,210309,07,0001-0385-0319,833,eos,1,0.5866443987768453,
143,210309,07,0001-0385-0319,834,eos,2,0.7441502371885605,
144,210309,07,0001-0385-0319,835,eos,3,0.9077639524714792,
145,210309,07,0001-0385-0319,836,eos,5,0.9050219224216726,
146,210309,07,0001-0385-0319,837,eos,6,0.6945508815360107,
147,210309,07,0001-0385-0319,838,eos,7,0.49639035137071896,
148,210309,07,0001-0385-0319,368,halo,1,0.4396233633211161,
149,210309,07,0001-0385-0319,369,halo,2,0.7360458084977727,
150,210309,07,0001-0385-0319,370,halo,3,0.9006269050880508,
151,210309,07,0001-0385-0319,371,halo,5,0.8424592449989511,
152,210309,07,0001-0385-0319,372,halo,6,0.6479273876075181,
153,210309,07,0001-0385-0319,373,halo,7,0.3954129798970792,
154,210309,07,0009-0173-0326,858,eos,1,0.5378688786090284,
155,210309,07,0009-0173-0326,859,eos,2,0.5942734088371351,
156,210309,07,0009-0173-0326,860,eos,3,0.7769819747966183,
157,210309,07,0009-0173-0326,861,eos,4,0.8968655287924711,
158,210309,07,0009-0173-0326,862,eos,6,0.9854203222204501,
159,210309,07,0009-0173-0326,863,eos,7,0.8423113734247886,
160,210309,07,0009-0173-0326,864,eos,8,0.6699633115329399,
161,210309,07,0009-0173-0326,865,eos,9,0.28372946243420016,
162,210309,07,0009-0173-0326,393,halo,1,0.34763950383020586,
163,210309,07,0009-0173-0326,394,halo,2,0.5866496240073091,
164,210309,07,0009-0173-0326,395,halo,3,0.7458052217302692,
165,210309,07,0009-0173-0326,396,halo,4,0.9034629981024668,
166,210309,07,0009-0173-0326,397,halo,6,0.8888976737648465,
167,210309,07,0009-0173-0326,398,halo,7,0.7134505235786072,
168,210309,07,0009-0173-0326,399,halo,8,0.5004612059877716,
169,210309,07,0009-0173-0326,400,halo,9,0.2777294609600112,
170,210309,07,0009-0211-0142,867,eos,1,0.3660109052251347,
171,210309,07,0009-0211-0142,868,eos,2,0.6453858552142752,
172,210309,07,0009-0211-0142,869,eos,3,0.843097358283513,
173,210309,07,0009-0211-0142,870,eos,6,0.6505755535487707,
174,210309,07,0009-0211-0142,871,eos,7,0.4657239857797696,
175,210309,07,0009-0211-0142,872,eos,8,0.1720144945759651,
176,210309,07,0009-0211-0142,402,halo,1,0.26908170281927846,
177,210309,07,0009-0211-0142,403,halo,2,0.5211602175407891,
178,210309,07,0009-0211-0142,404,halo,3,0.8386416203038072,
179,210309,07,0009-0211-0142,405,halo,6,0.5584640870163158,
180,210309,07,0009-0211-0142,406,halo,7,0.30416640620116264,
181,210309,07,0009-0211-0142,407,halo,8,0.17786147402637995,
182,210309,07,0009-0271-0373,850,eos,1,0.610651693040667,
183,210309,07,0009-0271-0373,851,eos,2,0.6263484771141736,
184,210309,07,0009-0271-0373,852,eos,3,0.6120724859622254,
185,210309,07,0009-0271-0373,853,eos,4,0.7280585332652715,
186,210309,07,0009-0271-0373,854,eos,7,0.8330185468776586,
187,210309,07,0009-0271-0373,855,eos,8,0.6211842776927003,
188,210309,07,0009-0271-0373,856,eos,9,0.3151522885826102,
189,210309,07,0009-0271-0373,857,eos,10,0.08007486812999809,
190,210309,07,0009-0271-0373,385,halo,1,0.2119898092728637,
191,210309,07,0009-0271-0373,386,halo,2,0.36930043450189337,
192,210309,07,0009-0271-0373,387,halo,3,0.5934440818748147,
193,210309,07,0009-0271-0373,388,halo,4,0.9945730888024155,
194,210309,07,0009-0271-0373,389,halo,7,0.7287242396216868,
195,210309,07,0009-0271-0373,390,halo,8,0.5132008306140612,
196,210309,07,0009-0271-0373,391,halo,9,0.2485647477620536,
197,210309,07,0009-0271-0373,392,halo,10,0.1162685186800914,
198,210309,08,0001-0122-0258,783,eos,3,0.5784478434695378,
199,210309,08,0001-0122-0258,784,eos,4,0.8186586025039809,
200,210309,08,0001-0122-0258,785,eos,5,0.9266709844349325,
201,210309,08,0001-0122-0258,786,eos,7,0.9654399984417078,
202,210309,08,0001-0122-0258,787,eos,8,0.8444564562809731,
203,210309,08,0001-0122-0258,788,eos,9,0.6120193033459458,
204,210309,08,0001-0122-0258,789,eos,10,0.4170282391783904,
205,210309,08,0001-0122-0258,318,halo,3,0.52329027637136,
206,210309,08,0001-0122-0258,319,halo,4,0.6788798603735994,
207,210309,08,0001-0122-0258,320,halo,5,0.8751389266220454,
208,210309,08,0001-0122-0258,321,halo,7,0.9239093745626383,
209,210309,08,0001-0122-0258,322,halo,8,0.7688466826380826,
210,210309,08,0001-0122-0258,323,halo,9,0.5974050565174079,
211,210309,08,0001-0122-0258,324,halo,10,0.40811084492084265,
212,210309,08,0001-0209-0197,792,eos,3,0.5664351092199208,
213,210309,08,0001-0209-0197,793,eos,4,0.6967047876961092,
214,210309,08,0001-0209-0197,794,eos,5,0.8361880441347208,
215,210309,08,0001-0209-0197,795,eos,6,0.9455017277182263,
216,210309,08,0001-0209-0197,796,eos,8,0.9034408204800105,
217,210309,08,0001-0209-0197,797,eos,9,0.562204750466746,
218,210309,08,0001-0209-0197,798,eos,10,0.3689512626269591,
219,210309,08,0001-0209-0197,327,halo,3,0.3345008756567423,
220,210309,08,0001-0209-0197,328,halo,4,0.5527421028734514,
221,210309,08,0001-0209-0197,329,halo,5,0.7491729908542515,
222,210309,08,0001-0209-0197,330,halo,6,0.9605224751897254,
223,210309,08,0001-0209-0197,331,halo,8,0.8574301096192515,
224,210309,08,0001-0209-0197,332,halo,9,0.5957546863851593,
225,210309,08,0001-0209-0197,333,halo,10,0.3412628916131541,
226,210309,08,0001-0269-0176,800,eos,2,0.501473284740784,
227,210309,08,0001-0269-0176,801,eos,3,0.591051733732291,
228,210309,08,0001-0269-0176,802,eos,4,0.8515768251854149,
229,210309,08,0001-0269-0176,803,eos,5,0.9289630447276476,
230,210309,08,0001-0269-0176,804,eos,7,0.9348744287030533,
231,210309,08,0001-0269-0176,805,eos,8,0.6881243215136063,
232,210309,08,0001-0269-0176,806,eos,9,0.4259298114377982,
233,210309,08,0001-0269-0176,807,eos,10,0.277597861684562,
234,210309,08,0001-0269-0176,335,halo,2,0.3211106682609275,
235,210309,08,0001-0269-0176,336,halo,3,0.5276421549089944,
236,210309,08,0001-0269-0176,337,halo,4,0.7950710774544971,
237,210309,08,0001-0269-0176,338,halo,5,0.95338448252956,
238,210309,08,0001-0269-0176,339,halo,7,0.8319217483725254,
239,210309,08,0001-0269-0176,340,halo,8,0.6217284442673041,
240,210309,08,0001-0269-0176,341,halo,9,0.32835957220672257,
241,210309,08,0001-0269-0176,342,halo,10,0.15298259598777736,
242,210309,08,0001-0355-0265,808,eos,1,0.727290347590128,
243,210309,08,0001-0355-0265,809,eos,2,0.7921889132962917,
244,210309,08,0001-0355-0265,810,eos,3,0.8192507841041243,
245,210309,08,0001-0355-0265,811,eos,4,0.914318269919769,
246,210309,08,0001-0355-0265,812,eos,7,0.8874149819685418,
247,210309,08,0001-0355-0265,813,eos,8,0.6101475407910348,
248,210309,08,0001-0355-0265,814,eos,9,0.3932296867107567,
249,210309,08,0001-0355-0265,815,eos,10,0.19070175850767665,
250,210309,08,0001-0355-0265,343,halo,1,0.2730384395550971,
251,210309,08,0001-0355-0265,344,halo,2,0.4161733886067548,
252,210309,08,0001-0355-0265,345,halo,3,0.6154664844658472,
253,210309,08,0001-0355-0265,346,halo,4,0.8565694125994492,
254,210309,08,0001-0355-0265,347,halo,7,0.9152700492073604,
255,210309,08,0001-0355-0265,348,halo,8,0.7220145454067652,
256,210309,08,0001-0355-0265,349,halo,9,0.40261344300421126,
257,210309,08,0001-0355-0265,350,halo,10,0.22054620827393184,
258,210309,09,0001-0200-0123,749,eos,3,0.9037500228810368,
259,210309,09,0001-0200-0123,750,eos,4,0.7133670619713983,
260,210309,09,0001-0200-0123,751,eos,5,0.4915650549662196,
261,210309,09,0001-0200-0123,752,eos,6,0.3096277832294335,
262,210309,09,0001-0200-0123,284,halo,3,0.9235435659335073,
263,210309,09,0001-0200-0123,285,halo,4,0.7436879384552818,
264,210309,09,0001-0200-0123,286,halo,5,0.5529620090148099,
265,210309,09,0001-0200-0123,287,halo,6,0.30225031348493553,
266,210309,09,0001-0312-0437,757,eos,1,0.49308928571428573,
267,210309,09,0001-0312-0437,758,eos,2,0.5510476190476192,
268,210309,09,0001-0312-0437,759,eos,3,0.659452380952381,
269,210309,09,0001-0312-0437,760,eos,6,0.8799345238095239,
270,210309,09,0001-0312-0437,761,eos,7,0.6618333333333333,
271,210309,09,0001-0312-0437,762,eos,8,0.4254880952380954,
272,210309,09,0001-0312-0437,763,eos,9,0.10939880952380963,
273,210309,09,0001-0312-0437,292,halo,1,0.20950015386644394,
274,210309,09,0001-0312-0437,293,halo,2,0.5535894843276034,
275,210309,09,0001-0312-0437,294,halo,3,0.8851496900690197,
276,210309,09,0001-0312-0437,295,halo,6,0.5433024135050776,
277,210309,09,0001-0312-0437,296,halo,7,0.31925089022728254,
278,210309,09,0001-0312-0437,297,halo,8,0.08792368224381232,
279,210309,09,0001-0312-0437,298,halo,9,0.02198092056095308,
280,210309,09,0001-0390-0277,764,eos,1,0.4192202809486898,
281,210309,09,0001-0390-0277,765,eos,2,0.5960428505306125,
282,210309,09,0001-0390-0277,766,eos,3,0.8202776027347606,
283,210309,09,0001-0390-0277,767,eos,5,0.948522482029433,
284,210309,09,0001-0390-0277,768,eos,6,0.724577712593617,
285,210309,09,0001-0390-0277,769,eos,7,0.4222929829746655,
286,210309,09,0001-0390-0277,299,halo,1,0.5960185957801887,
287,210309,09,0001-0390-0277,300,halo,2,0.4768148766241509,
288,210309,09,0001-0390-0277,301,halo,3,0.6705209202527123,
289,210309,09,0001-0390-0277,302,halo,5,0.8344260340922641,
290,210309,09,0001-0390-0277,303,halo,6,0.7748241745142452,
291,210309,09,0001-0390-0277,304,halo,7,0.7152223149362263,
292,210309,09,0005-0305-0134,775,eos,1,0.5530321398744577,
293,210309,09,0005-0305-0134,776,eos,2,0.6850534766561603,
294,210309,09,0005-0305-0134,777,eos,5,0.9020717152940545,
295,210309,09,0005-0305-0134,778,eos,6,0.27748592365096075,
296,210309,09,0005-0305-0134,779,eos,7,0.15265766857943408,
297,210309,09,0005-0305-0134,780,eos,8,0.0538807618739729,
298,210309,09,0005-0305-0134,310,halo,1,0.2146449159818472,
299,210309,09,0005-0305-0134,311,halo,2,0.5393106831841039,
300,210309,09,0005-0305-0134,312,halo,5,0.4266527658530599,
301,210309,09,0005-0305-0134,313,halo,6,0.3117564086839201,
302,210309,09,0005-0305-0134,314,halo,7,0.25551944069667604,
303,210309,09,0005-0305-0134,315,halo,8,0.36796271311173806,
304,210309,09,0005-0339-0211,770,eos,1,0.6953825166949541,
305,210309,09,0005-0339-0211,771,eos,4,0.7554843519502559,
306,210309,09,0005-0339-0211,772,eos,5,0.4657773265866151,
307,210309,09,0005-0339-0211,773,eos,6,0.4973906698602545,
308,210309,09,0005-0339-0211,774,eos,7,0.28750218105102865,
309,210309,09,0005-0339-0211,305,halo,1,0.48726311368072533,
310,210309,09,0005-0339-0211,306,halo,4,0.8462431744619867,
311,210309,09,0005-0339-0211,307,halo,5,0.6186346453191017,
312,210309,09,0005-0339-0211,308,halo,6,0.33180144787883276,
313,210309,09,0005-0339-0211,309,halo,7,0.21619351172386522,
314,210309,10,0013-0171-0246,729,eos,4,0.41472589478342664,
315,210309,10,0013-0171-0246,730,eos,5,0.6250484040493446,
316,210309,10,0013-0171-0246,731,eos,6,0.8847817668860984,
317,210309,10,0013-0171-0246,732,eos,7,0.9743098965536316,
318,210309,10,0013-0171-0246,733,eos,9,0.5795209382087736,
319,210309,10,0013-0171-0246,734,eos,10,0.360801017868009,
320,210309,10,0013-0171-0246,264,halo,4,0.3632348461772768,
321,210309,10,0013-0171-0246,265,halo,5,0.6272790566119837,
322,210309,10,0013-0171-0246,266,halo,6,0.868652364997172,
323,210309,10,0013-0171-0246,267,halo,7,0.9845959705843964,
324,210309,10,0013-0171-0246,268,halo,9,0.5977764240024368,
325,210309,10,0013-0171-0246,269,halo,10,0.37626735129019656,
326,210309,10,0013-0206-0086,735,eos,3,0.4385061539515445,
327,210309,10,0013-0206-0086,736,eos,4,0.5736419062407233,
328,210309,10,0013-0206-0086,737,eos,6,0.7218733587559655,
329,210309,10,0013-0206-0086,738,eos,7,0.7627703057566276,
330,210309,10,0013-0206-0086,739,eos,8,0.6972347178772861,
331,210309,10,0013-0206-0086,740,eos,9,0.38877217820199556,
332,210309,10,0013-0206-0086,270,halo,3,0.1203079884504331,
333,210309,10,0013-0206-0086,271,halo,4,0.39942252165543846,
334,210309,10,0013-0206-0086,272,halo,6,0.8130413859480274,
335,210309,10,0013-0206-0086,273,halo,7,0.6401828681424445,
336,210309,10,0013-0206-0086,274,halo,8,0.5685755534167467,
337,210309,10,0013-0206-0086,275,halo,9,0.27271414821944184,
338,210309,10,0013-0343-0193,741,eos,1,0.7565325914562804,
339,210309,10,0013-0343-0193,742,eos,2,0.9662515275213852,
340,210309,10,0013-0343-0193,743,eos,3,0.9700345804841267,
341,210309,10,0013-0343-0193,744,eos,5,0.863914094797327,
342,210309,10,0013-0343-0193,745,eos,7,0.5645849041886581,
343,210309,10,0013-0343-0193,746,eos,8,0.4106627492784897,
344,210309,10,0013-0343-0193,747,eos,9,0.17976651673123384,
345,210309,10,0013-0343-0193,276,halo,1,0.202827341024953,
346,210309,10,0013-0343-0193,277,halo,2,0.36753756372417495,
347,210309,10,0013-0343-0193,278,halo,3,0.5416890260262944,
348,210309,10,0013-0343-0193,279,halo,5,0.9825764690099278,
349,210309,10,0013-0343-0193,280,halo,7,0.8072511403273406,
350,210309,10,0013-0343-0193,281,halo,8,0.4888985779447276,
351,210309,10,0013-0343-0193,282,halo,9,0.25873691977461766,
352,210309,11,0015-0129-0321,691,eos,4,0.5388603276590408,
353,210309,11,0015-0129-0321,692,eos,5,0.578721619529828,
354,210309,11,0015-0129-0321,693,eos,6,0.6346977866368035,
355,210309,11,0015-0129-0321,694,eos,7,0.7187398660480723,
356,210309,11,0015-0129-0321,695,eos,10,0.9128404467370298,
357,210309,11,0015-0129-0321,696,eos,11,0.7624623287227004,
358,210309,11,0015-0129-0321,697,eos,12,0.5543136585133843,
359,210309,11,0015-0129-0321,226,halo,4,0.4541677084990795,
360,210309,11,0015-0129-0321,227,halo,5,0.6544677562339463,
361,210309,11,0015-0129-0321,228,halo,6,0.7867387993544429,
362,210309,11,0015-0129-0321,229,halo,7,0.946286909281022,
363,210309,11,0015-0129-0321,230,halo,10,0.8171890982656332,
364,210309,11,0015-0129-0321,231,halo,11,0.669492873866297,
365,210309,11,0015-0129-0321,232,halo,12,0.4738890277998772,
366,210309,11,0015-0191-0100,719,eos,4,0.1590172015670809,
367,210309,11,0015-0191-0100,720,eos,5,0.2368955884769391,
368,210309,11,0015-0191-0100,721,eos,6,0.4725804080291276,
369,210309,11,0015-0191-0100,722,eos,7,0.6909079902100684,
370,210309,11,0015-0191-0100,723,eos,10,0.8704996151484485,
371,210309,11,0015-0191-0100,724,eos,11,0.6043293637409298,
372,210309,11,0015-0191-0100,725,eos,12,0.26717345994516917,
373,210309,11,0015-0191-0100,254,halo,4,0.058778581085052586,
374,210309,11,0015-0191-0100,255,halo,5,0.23837653559043048,
375,210309,11,0015-0191-0100,256,halo,6,0.3278081467113382,
376,210309,11,0015-0191-0100,257,halo,7,0.8555516369834827,
377,210309,11,0015-0191-0100,258,halo,10,0.7766413918767995,
378,210309,11,0015-0191-0100,259,halo,11,0.42790807029918293,
379,210309,11,0015-0191-0100,260,halo,12,0.2980955739728442,
380,210309,11,0015-0305-0145,710,eos,4,0.30301123040849065,
381,210309,11,0015-0305-0145,711,eos,5,0.455417746513637,
382,210309,11,0015-0305-0145,712,eos,6,0.575206713562878,
383,210309,11,0015-0305-0145,713,eos,7,0.6979760582500307,
384,210309,11,0015-0305-0145,714,eos,10,0.875200543008762,
385,210309,11,0015-0305-0145,715,eos,11,0.4657781068739972,
386,210309,11,0015-0305-0145,716,eos,12,0.13451807972355925,
387,210309,11,0015-0305-0145,245,halo,4,0.20062755238801014,
388,210309,11,0015-0305-0145,246,halo,5,0.31893221488150625,
389,210309,11,0015-0305-0145,247,halo,6,0.6223017612462747,
390,210309,11,0015-0305-0145,248,halo,7,0.8946405764652084,
391,210309,11,0015-0305-0145,249,halo,10,0.44792734267829254,
392,210309,11,0015-0305-0145,250,halo,11,0.2489553933239777,
393,210309,11,0015-0305-0145,251,halo,12,0.18290471610349876,
394,210309,11,0015-0348-0414,701,eos,4,0.6077938465481718,
395,210309,11,0015-0348-0414,702,eos,5,0.6968260070912896,
396,210309,11,0015-0348-0414,703,eos,6,0.8035075266909177,
397,210309,11,0015-0348-0414,704,eos,9,0.8133558098956022,
398,210309,11,0015-0348-0414,705,eos,10,0.6941774531163227,
399,210309,11,0015-0348-0414,706,eos,11,0.5519573339642545,
400,210309,11,0015-0348-0414,707,eos,12,0.36862876539923833,
401,210309,11,0015-0348-0414,236,halo,4,0.43978405315614616,
402,210309,11,0015-0348-0414,237,halo,5,0.6249148138683025,
403,210309,11,0015-0348-0414,238,halo,6,0.8325240650822051,
404,210309,11,0015-0348-0414,239,halo,9,0.881484794275492,
405,210309,11,0015-0348-0414,240,halo,10,0.6818936877076415,
406,210309,11,0015-0348-0414,241,halo,11,0.3800472783030921,
407,210309,11,0015-0348-0414,242,halo,12,0.1994100860379931,
408,210309,12,0001-0155-0237,650,eos,1,0.8398984093937576,
409,210309,12,0001-0155-0237,651,eos,2,0.9567661608823154,
410,210309,12,0001-0155-0237,652,eos,4,0.9616914739553589,
411,210309,12,0001-0155-0237,653,eos,5,0.8550349920521897,
412,210309,12,0001-0155-0237,654,eos,6,0.6357477166611646,
413,210309,12,0001-0155-0237,655,eos,7,0.4737023462707139,
414,210309,12,0001-0155-0237,185,halo,1,0.7429115402703398,
415,210309,12,0001-0155-0237,186,halo,2,0.8690474384453175,
416,210309,12,0001-0155-0237,187,halo,4,0.9541241257945599,
417,210309,12,0001-0155-0237,188,halo,5,0.8831788461246719,
418,210309,12,0001-0155-0237,189,halo,6,0.711341535567456,
419,210309,12,0001-0155-0237,190,halo,7,0.5737594247311014,
420,210309,12,0001-0193-0325,659,eos,1,0.2984246367100677,
421,210309,12,0001-0193-0325,660,eos,2,0.4047092647419115,
422,210309,12,0001-0193-0325,661,eos,3,0.49302642725788787,
423,210309,12,0001-0193-0325,662,eos,4,0.5997567735898625,
424,210309,12,0001-0193-0325,663,eos,7,0.9352203058631142,
425,210309,12,0001-0193-0325,664,eos,8,0.7377405329137874,
426,210309,12,0001-0193-0325,665,eos,9,0.39103663450213866,
427,210309,12,0001-0193-0325,666,eos,10,0.23066955153654747,
428,210309,12,0001-0193-0325,194,halo,1,0.24882654583932515,
429,210309,12,0001-0193-0325,195,halo,2,0.3724529940038529,
430,210309,12,0001-0193-0325,196,halo,3,0.5058604878313481,
431,210309,12,0001-0193-0325,197,halo,4,0.7487858480071632,
432,210309,12,0001-0193-0325,198,halo,7,0.7435493936023009,
433,210309,12,0001-0193-0325,199,halo,8,0.508356621537293,
434,210309,12,0001-0193-0325,200,halo,9,0.2461540548606779,
435,210309,12,0001-0193-0325,201,halo,10,0.11757603711642295,
436,210309,12,0001-0242-0367,667,eos,2,0.4673503628994249,
437,210309,12,0001-0242-0367,668,eos,3,0.5332755207842397,
438,210309,12,0001-0242-0367,669,eos,4,0.6443962673201998,
439,210309,12,0001-0242-0367,670,eos,5,0.8230031105665001,
440,210309,12,0001-0242-0367,671,eos,7,0.7529418418324064,
441,210309,12,0001-0242-0367,672,eos,8,0.5710321425205014,
442,210309,12,0001-0242-0367,673,eos,9,0.29329060231878595,
443,210309,12,0001-0242-0367,202,halo,2,0.168716049382716,
444,210309,12,0001-0242-0367,203,halo,3,0.3712592592592593,
445,210309,12,0001-0242-0367,204,halo,4,0.6716049382716046,
446,210309,12,0001-0242-0367,205,halo,5,0.9461234567901231,
447,210309,12,0001-0242-0367,206,halo,7,0.6802222222222224,
448,210309,12,0001-0242-0367,207,halo,8,0.5633333333333332,
449,210309,12,0001-0242-0367,208,halo,9,0.2037037037037037,
450,210309,12,0001-0258-0135,675,eos,1,0.7370771688758412,
451,210309,12,0001-0258-0135,676,eos,2,0.8444830714807222,
452,210309,12,0001-0258-0135,677,eos,3,0.840514805389999,
453,210309,12,0001-0258-0135,678,eos,6,0.78355995319951,
454,210309,12,0001-0258-0135,679,eos,7,0.5051398057718568,
455,210309,12,0001-0258-0135,680,eos,8,0.3775504281389473,
456,210309,12,0001-0258-0135,210,halo,1,0.4995275036810759,
457,210309,12,0001-0258-0135,211,halo,2,0.765092411489353,
458,210309,12,0001-0258-0135,212,halo,3,0.9903522844647613,
459,210309,12,0001-0258-0135,213,halo,6,0.5780497989143574,
460,210309,12,0001-0258-0135,214,halo,7,0.24174230270531621,
461,210309,12,0001-0258-0135,215,halo,8,0.1920532712128872,
462,210309,12,0001-0385-0256,683,eos,1,0.38999687017378226,
463,210309,12,0001-0385-0256,684,eos,2,0.538442988419643,
464,210309,12,0001-0385-0256,685,eos,3,0.717150934586632,
465,210309,12,0001-0385-0256,686,eos,6,0.7985469396969713,
466,210309,12,0001-0385-0256,687,eos,7,0.542886315476221,
467,210309,12,0001-0385-0256,218,halo,1,0.31843753317057616,
468,210309,12,0001-0385-0256,219,halo,2,0.9022396773166325,
469,210309,12,0001-0385-0256,220,halo,3,0.7526801825708512,
470,210309,12,0001-0385-0256,221,halo,6,0.6493472030570006,
471,210309,12,0001-0385-0256,222,halo,7,0.7430209107313444,
472,210309,13,0001-0171-0216,614,eos,4,0.4957856761090326,
473,210309,13,0001-0171-0216,615,eos,5,0.653158738642437,
474,210309,13,0001-0171-0216,616,eos,6,0.8217477284874399,
475,210309,13,0001-0171-0216,617,eos,9,0.9482469267771243,
476,210309,13,0001-0171-0216,618,eos,10,0.7986290753607694,
477,210309,13,0001-0171-0216,619,eos,11,0.6051950828433992,
478,210309,13,0001-0171-0216,620,eos,12,0.43175841795831105,
479,210309,13,0001-0171-0216,149,halo,4,0.4350834465712108,
480,210309,13,0001-0171-0216,150,halo,5,0.6574839820486043,
481,210309,13,0001-0171-0216,151,halo,6,0.7900993133147584,
482,210309,13,0001-0171-0216,152,halo,9,0.9999596779071221,
483,210309,13,0001-0171-0216,153,halo,10,0.9126139603149963,
484,210309,13,0001-0171-0216,154,halo,11,0.7072656379156704,
485,210309,13,0001-0171-0216,155,halo,12,0.474816836893102,
486,210309,13,0001-0283-0125,624,eos,1,0.6949018958421502,
487,210309,13,0001-0283-0125,625,eos,2,0.8159818695910844,
488,210309,13,0001-0283-0125,626,eos,3,0.9271931600026988,
489,210309,13,0001-0283-0125,627,eos,4,0.9521347391147014,
490,210309,13,0001-0283-0125,628,eos,7,0.9026931876031182,
491,210309,13,0001-0283-0125,629,eos,8,0.8471887439355746,
492,210309,13,0001-0283-0125,630,eos,9,0.7416447396667096,
493,210309,13,0001-0283-0125,631,eos,10,0.5027079078268656,
494,210309,13,0001-0283-0125,159,halo,1,0.42780293799857455,
495,210309,13,0001-0283-0125,160,halo,2,0.5430863763699,
496,210309,13,0001-0283-0125,161,halo,3,0.7592982433093699,
497,210309,13,0001-0283-0125,162,halo,4,0.9031274938996954,
498,210309,13,0001-0283-0125,163,halo,7,0.958146821109188,
499,210309,13,0001-0283-0125,164,halo,8,0.8103733090744285,
500,210309,13,0001-0283-0125,165,halo,9,0.6509509249802128,
501,210309,13,0001-0283-0125,166,halo,10,0.45065403802386256,
502,210309,13,0019-0141-0324,641,eos,5,0.4616390191128742,
503,210309,13,0019-0141-0324,642,eos,6,0.4967994951316263,
504,210309,13,0019-0141-0324,643,eos,7,0.67899000566689,
505,210309,13,0019-0141-0324,644,eos,8,0.8493058059862963,
506,210309,13,0019-0141-0324,645,eos,11,0.8674849312245632,
507,210309,13,0019-0141-0324,646,eos,12,0.7042656225851319,
508,210309,13,0019-0141-0324,647,eos,13,0.5131046829117508,
509,210309,13,0019-0141-0324,648,eos,14,0.3339214878161866,
510,210309,13,0019-0141-0324,176,halo,5,0.4044889191763407,
511,210309,13,0019-0141-0324,177,halo,6,0.5259535565837348,
512,210309,13,0019-0141-0324,178,halo,7,0.7618967915227017,
513,210309,13,0019-0141-0324,179,halo,8,0.8711986259061328,
514,210309,13,0019-0141-0324,180,halo,11,0.8201602843832321,
515,210309,13,0019-0141-0324,181,halo,12,0.6600751607028283,
516,210309,13,0019-0141-0324,182,halo,13,0.44679172196119227,
517,210309,13,0019-0141-0324,183,halo,14,0.24396940967365272,
518,210330,02,0001-0240-0305,580,eos,1,0.663668743037359,
519,210330,02,0001-0240-0305,581,eos,2,0.8564417177914112,
520,210330,02,0001-0240-0305,582,eos,5,0.8039100622911208,
521,210330,02,0001-0240-0305,583,eos,6,0.49242935371000907,
522,210330,02,0001-0240-0305,584,eos,7,0.28171277046428067,
523,210330,02,0001-0240-0305,115,halo,1,0.7529331296844578,
524,210330,02,0001-0240-0305,116,halo,2,0.9226043439340658,
525,210330,02,0001-0240-0305,117,halo,5,0.7344180678881057,
526,210330,02,0001-0240-0305,118,halo,6,0.5247396596193438,
527,210330,02,0001-0240-0305,119,halo,7,0.32598444293357937,
528,210330,02,0001-0277-0173,589,eos,1,0.8956303099446141,
529,210330,02,0001-0277-0173,590,eos,3,0.9529219434158279,
530,210330,02,0001-0277-0173,591,eos,4,0.8358275068674751,
531,210330,02,0001-0277-0173,592,eos,5,0.6628467995334578,
532,210330,02,0001-0277-0173,593,eos,6,0.43079624471793954,
533,210330,02,0001-0277-0173,124,halo,1,0.9760954776222232,
534,210330,02,0001-0277-0173,125,halo,3,0.9481976709185891,
535,210330,02,0001-0277-0173,126,halo,4,0.8157938742884662,
536,210330,02,0001-0277-0173,127,halo,5,0.5954023718904891,
537,210330,02,0001-0277-0173,128,halo,6,0.4074956020361068,
538,210330,02,0001-0348-0145,598,eos,3,0.7979119423651944,
539,210330,02,0001-0348-0145,599,eos,4,0.5432963416347252,
540,210330,02,0001-0348-0145,600,eos,5,0.331550641167145,
541,210330,02,0001-0348-0145,601,eos,6,0.2044711123597759,
542,210330,02,0001-0348-0145,133,halo,3,0.7469739050053922,
543,210330,02,0001-0348-0145,134,halo,4,0.5936517586119312,
544,210330,02,0001-0348-0145,135,halo,5,0.4044141221930289,
545,210330,02,0001-0348-0145,136,halo,6,0.26403954014182157,
546,210330,02,0001-0384-0340,604,eos,2,0.8675002193894485,
547,210330,02,0001-0384-0340,605,eos,3,0.6312387682140936,
548,210330,02,0001-0384-0340,606,eos,4,0.4810313974917109,
549,210330,02,0001-0384-0340,607,eos,5,0.3350134113723858,
550,210330,02,0001-0384-0340,139,halo,2,0.9206191835635685,
551,210330,02,0001-0384-0340,140,halo,3,0.7857536425447083,
552,210330,02,0001-0384-0340,141,halo,4,0.5801787793574571,
553,210330,02,0001-0384-0340,142,halo,5,0.39661164437422763,
554,210330,03,0001-0163-0255,546,eos,2,0.49648777372748304,
555,210330,03,0001-0163-0255,547,eos,3,0.6011095442088178,
556,210330,03,0001-0163-0255,548,eos,4,0.8042931644626561,
557,210330,03,0001-0163-0255,549,eos,6,0.9406912699890908,
558,210330,03,0001-0163-0255,550,eos,7,0.7683992762685256,
559,210330,03,0001-0163-0255,551,eos,8,0.46139211877710684,
560,210330,03,0001-0163-0255,552,eos,9,0.24582257935768823,
561,210330,03,0001-0163-0255,81,halo,2,0.44126538734730053,
562,210330,03,0001-0163-0255,82,halo,3,0.632364940622597,
563,210330,03,0001-0163-0255,83,halo,4,0.817208782650723,
564,210330,03,0001-0163-0255,84,halo,6,0.963784578116164,
565,210330,03,0001-0163-0255,85,halo,7,0.7626058354025903,
566,210330,03,0001-0163-0255,86,halo,8,0.5300898341267931,
567,210330,03,0001-0163-0255,87,halo,9,0.3506016010081146,
568,210330,03,0001-0232-0124,554,eos,1,0.5599462333257154,
569,210330,03,0001-0232-0124,555,eos,2,0.7440068802097742,
570,210330,03,0001-0232-0124,556,eos,3,0.8684400447454202,
571,210330,03,0001-0232-0124,557,eos,5,0.9590314781625509,
572,210330,03,0001-0232-0124,558,eos,6,0.74376330634976,
573,210330,03,0001-0232-0124,559,eos,7,0.5329005136100652,
574,210330,03,0001-0232-0124,560,eos,8,0.33697391053321624,
575,210330,03,0001-0232-0124,89,halo,1,0.4961036100000265,
576,210330,03,0001-0232-0124,90,halo,2,0.7306288635440693,
577,210330,03,0001-0232-0124,91,halo,3,0.9125647960632659,
578,210330,03,0001-0232-0124,92,halo,5,0.9334295929227967,
579,210330,03,0001-0232-0124,93,halo,6,0.7755368816670604,
580,210330,03,0001-0232-0124,94,halo,7,0.5663156022815646,
581,210330,03,0001-0232-0124,95,halo,8,0.3685539031582523,
582,210330,03,0007-0288-0322,572,eos,2,0.31772802457466937,
583,210330,03,0007-0288-0322,573,eos,3,0.46457053402646503,
584,210330,03,0007-0288-0322,574,eos,4,0.6063917769376183,
585,210330,03,0007-0288-0322,575,eos,6,0.9358754725897923,
586,210330,03,0007-0288-0322,576,eos,7,0.6431651701323254,
587,210330,03,0007-0288-0322,577,eos,8,0.37708234877126684,
588,210330,03,0007-0288-0322,578,eos,9,0.20922436200378036,
589,210330,03,0007-0288-0322,107,halo,2,0.3506864351505703,
590,210330,03,0007-0288-0322,108,halo,3,0.5335700991075548,
591,210330,03,0007-0288-0322,109,halo,4,0.7729593865830959,
592,210330,03,0007-0288-0322,110,halo,6,0.8639100555193204,
593,210330,03,0007-0288-0322,111,halo,7,0.6281160019726061,
594,210330,03,0007-0288-0322,112,halo,8,0.4132689584957286,
595,210330,03,0007-0288-0322,113,halo,9,0.23672467825837967,
596,210330,03,0007-0330-0258,563,eos,1,0.12414789400027092,
597,210330,03,0007-0330-0258,564,eos,2,0.25506749130964734,
598,210330,03,0007-0330-0258,565,eos,3,0.24162942229846693,
599,210330,03,0007-0330-0258,566,eos,4,0.4934615442493189,
600,210330,03,0007-0330-0258,567,eos,7,0.6257204339909415,
601,210330,03,0007-0330-0258,568,eos,8,0.40139647570463316,
602,210330,03,0007-0330-0258,569,eos,9,0.11081516259612025,
603,210330,03,0007-0330-0258,570,eos,10,0.3160128210915987,
604,210330,03,0007-0330-0258,98,halo,1,0.19959059882447666,
605,210330,03,0007-0330-0258,99,halo,2,0.3158861202465437,
606,210330,03,0007-0330-0258,100,halo,3,0.5793741580559465,
607,210330,03,0007-0330-0258,101,halo,4,0.8008948124957668,
608,210330,03,0007-0330-0258,102,halo,7,0.6456422104653174,
609,210330,03,0007-0330-0258,103,halo,8,0.42027589424806394,
610,210330,03,0007-0330-0258,104,halo,9,0.23013388321530434,
611,210330,03,0007-0330-0258,105,halo,10,0.10621853292894935,
612,210330,04,0001-0202-0245,526,eos,1,0.5959946985588009,
613,210330,04,0001-0202-0245,527,eos,2,0.7249894771262291,
614,210330,04,0001-0202-0245,528,eos,3,0.8946599459419972,
615,210330,04,0001-0202-0245,529,eos,6,0.9221794349999475,
616,210330,04,0001-0202-0245,530,eos,7,0.7495799547081596,
617,210330,04,0001-0202-0245,531,eos,8,0.4955699571084186,
618,210330,04,0001-0202-0245,61,halo,1,0.45216401789847244,
619,210330,04,0001-0202-0245,62,halo,2,0.6051650979787069,
620,210330,04,0001-0202-0245,63,halo,3,0.7931723499459961,
621,210330,04,0001-0202-0245,64,halo,6,0.8968793396080852,
622,210330,04,0001-0202-0245,65,halo,7,0.7517281283752506,
623,210330,04,0001-0202-0245,66,halo,8,0.562262768091344,
624,210330,04,0001-0205-0308,520,eos,2,0.5870121977688066,
625,210330,04,0001-0205-0308,521,eos,3,0.7063109655895174,
626,210330,04,0001-0205-0308,522,eos,4,0.8602000508498748,
627,210330,04,0001-0205-0308,523,eos,5,0.9965645328322759,
628,210330,04,0001-0205-0308,524,eos,7,0.8656323057937851,
629,210330,04,0001-0205-0308,525,eos,8,0.5931575912042117,
630,210330,04,0001-0205-0308,55,halo,2,0.4646775569913445,
631,210330,04,0001-0205-0308,56,halo,3,0.7464298775709234,
632,210330,04,0001-0205-0308,57,halo,4,0.8680752686299436,
633,210330,04,0001-0205-0308,58,halo,5,0.9725623029901951,
634,210330,04,0001-0205-0308,59,halo,7,0.803386391738214,
635,210330,04,0001-0205-0308,60,halo,8,0.5712718343463192,
636,210330,04,0001-0247-0127,532,eos,1,0.49038226053613027,
637,210330,04,0001-0247-0127,533,eos,2,0.6532785680798808,
638,210330,04,0001-0247-0127,534,eos,3,0.6569241426602197,
639,210330,04,0001-0247-0127,535,eos,4,0.8715372289434828,
640,210330,04,0001-0247-0127,536,eos,7,0.7709935415252636,
641,210330,04,0001-0247-0127,537,eos,8,0.5168599077760594,
642,210330,04,0001-0247-0127,67,halo,1,0.25366239704546134,
643,210330,04,0001-0247-0127,68,halo,2,0.434973766743852,
644,210330,04,0001-0247-0127,69,halo,3,0.6440308350675619,
645,210330,04,0001-0247-0127,70,halo,4,0.842758741976141,
646,210330,04,0001-0247-0127,71,halo,7,0.6822698361520649,
647,210330,04,0001-0247-0127,72,halo,8,0.4322478529765221,
648,210330,04,0001-0388-0340,538,eos,1,0.38725576731607064,
649,210330,04,0001-0388-0340,539,eos,2,0.4695057796733443,
650,210330,04,0001-0388-0340,540,eos,3,0.6248614220044202,
651,210330,04,0001-0388-0340,541,eos,4,0.7744903507347279,
652,210330,04,0001-0388-0340,542,eos,6,0.9542498428860939,
653,210330,04,0001-0388-0340,543,eos,7,0.5755735540224691,
654,210330,04,0001-0388-0340,544,eos,8,0.35296609870283924,
655,210330,04,0001-0388-0340,73,halo,1,0.34558430450122957,
656,210330,04,0001-0388-0340,74,halo,2,0.5844849246231154,
657,210330,04,0001-0388-0340,75,halo,3,0.8644285256067571,
658,210330,04,0001-0388-0340,76,halo,4,0.9536311878541643,
659,210330,04,0001-0388-0340,77,halo,6,0.7501470116540145,
660,210330,04,0001-0388-0340,78,halo,7,0.5282262375708329,
661,210330,04,0001-0388-0340,79,halo,8,0.33504624184753556,
662,210330,05,0001-0137-0287,496,eos,1,0.3494914410490231,
663,210330,05,0001-0137-0287,497,eos,2,0.3916413047167571,
664,210330,05,0001-0137-0287,498,eos,3,0.4778078224173238,
665,210330,05,0001-0137-0287,499,eos,4,0.7959541561541856,
666,210330,05,0001-0137-0287,500,eos,6,0.7507834862592915,
667,210330,05,0001-0137-0287,501,eos,7,0.516942536798398,
668,210330,05,0001-0137-0287,502,eos,8,0.2631495581929468,
669,210330,05,0001-0137-0287,503,eos,9,0.20547704979239018,
670,210330,05,0001-0137-0287,31,halo,1,0.2242595762787339,
671,210330,05,0001-0137-0287,32,halo,2,0.43427471624924563,
672,210330,05,0001-0137-0287,33,halo,3,0.6731498065448213,
673,210330,05,0001-0137-0287,34,halo,4,0.9339184816489704,
674,210330,05,0001-0137-0287,35,halo,6,0.9726837329427949,
675,210330,05,0001-0137-0287,36,halo,7,0.7649692747657263,
676,210330,05,0001-0137-0287,37,halo,8,0.5317147748300464,
677,210330,05,0001-0137-0287,38,halo,9,0.3281118576644863,
678,210330,05,0001-0151-0383,505,eos,2,0.5594833308497813,
679,210330,05,0001-0151-0383,506,eos,3,0.6080954767742724,
680,210330,05,0001-0151-0383,507,eos,4,0.6964873542042022,
681,210330,05,0001-0151-0383,508,eos,5,0.8251127758436175,
682,210330,05,0001-0151-0383,509,eos,7,0.9172773947086795,
683,210330,05,0001-0151-0383,510,eos,8,0.6243243609368861,
684,210330,05,0001-0151-0383,511,eos,9,0.3190032376488437,
685,210330,05,0001-0151-0383,40,halo,2,0.3127882650876571,
686,210330,05,0001-0151-0383,41,halo,3,0.5222231737603837,
687,210330,05,0001-0151-0383,42,halo,4,0.7860017861730632,
688,210330,05,0001-0151-0383,43,halo,5,0.931305741445332,
689,210330,05,0001-0151-0383,44,halo,7,0.893575894004086,
690,210330,05,0001-0151-0383,45,halo,8,0.584072474583736,
691,210330,05,0001-0151-0383,46,halo,9,0.3190092856531154,
692,210330,05,0001-0352-0321,512,eos,1,0.5673589040300694,
693,210330,05,0001-0352-0321,513,eos,2,0.6351749459416314,
694,210330,05,0001-0352-0321,514,eos,3,0.857347584425385,
695,210330,05,0001-0352-0321,515,eos,6,0.833151929412106,
696,210330,05,0001-0352-0321,516,eos,7,0.6145239235491313,
697,210330,05,0001-0352-0321,517,eos,8,0.3234867284891229,
698,210330,05,0001-0352-0321,47,halo,1,0.4326028174905512,
699,210330,05,0001-0352-0321,48,halo,2,0.6675231678592948,
700,210330,05,0001-0352-0321,49,halo,3,0.9122883022851649,
701,210330,05,0001-0352-0321,50,halo,6,0.8273901113949516,
702,210330,05,0001-0352-0321,51,halo,7,0.5449488838096376,
703,210330,05,0001-0352-0321,52,halo,8,0.34271500918746906,
704,210330,06,0001-0199-0286,465,eos,1,0.88078111880295,
705,210330,06,0001-0199-0286,466,eos,2,0.8760758970466287,
706,210330,06,0001-0199-0286,467,eos,5,0.758533738519649,
707,210330,06,0001-0199-0286,468,eos,6,0.5894109114352486,
708,210330,06,0001-0199-0286,469,eos,7,0.4530582641631074,
709,210330,06,0001-0199-0286,0,halo,1,0.7558036613579621,
710,210330,06,0001-0199-0286,1,halo,2,0.8834964198292016,
711,210330,06,0001-0199-0286,2,halo,5,0.855294562901739,
712,210330,06,0001-0199-0286,3,halo,6,0.7047412082847532,
713,210330,06,0001-0199-0286,4,halo,7,0.5136553147070853,
714,210330,06,0001-0212-0172,490,eos,1,0.48659242265216435,
715,210330,06,0001-0212-0172,491,eos,2,0.6162469929316475,
716,210330,06,0001-0212-0172,492,eos,3,0.85954320425773,
717,210330,06,0001-0212-0172,493,eos,6,0.9573762573957627,
718,210330,06,0001-0212-0172,494,eos,7,0.725272377697073,
719,210330,06,0001-0212-0172,495,eos,8,0.40036038379015987,
720,210330,06,0001-0212-0172,25,halo,1,0.3549498173743541,
721,210330,06,0001-0212-0172,26,halo,2,0.5882438288933328,
722,210330,06,0001-0212-0172,27,halo,3,0.7693365547782313,
723,210330,06,0001-0212-0172,28,halo,6,0.8257013266381111,
724,210330,06,0001-0212-0172,29,halo,7,0.6251537651162938,
725,210330,06,0001-0212-0172,30,halo,8,0.3962314141344047,
726,210330,06,0001-0309-0169,484,eos,1,0.7608985517392811,
727,210330,06,0001-0309-0169,485,eos,3,0.9343206922119788,
728,210330,06,0001-0309-0169,486,eos,5,0.7617164005740852,
729,210330,06,0001-0309-0169,487,eos,6,0.48973551977953084,
730,210330,06,0001-0309-0169,488,eos,7,0.3618074141020052,
731,210330,06,0001-0309-0169,19,halo,1,0.7327989427358438,
732,210330,06,0001-0309-0169,20,halo,3,0.9998877088722947,
733,210330,06,0001-0309-0169,21,halo,5,0.8692931273510954,
734,210330,06,0001-0309-0169,22,halo,6,0.5700372720166192,
735,210330,06,0001-0309-0169,23,halo,7,0.3613182978392597,
736,210330,06,0001-0376-0363,471,eos,1,0.6686718598397692,
737,210330,06,0001-0376-0363,472,eos,4,0.9346325506611592,
738,210330,06,0001-0376-0363,473,eos,5,0.8669879728011848,
739,210330,06,0001-0376-0363,474,eos,6,0.5934434539485408,
740,210330,06,0001-0376-0363,475,eos,7,0.32188300707691936,
741,210330,06,0001-0376-0363,6,halo,1,0.753002954054176,
742,210330,06,0001-0376-0363,7,halo,4,0.9406781786174626,
743,210330,06,0001-0376-0363,8,halo,5,0.7789825816126429,
744,210330,06,0001-0376-0363,9,halo,6,0.5919543400522603,
745,210330,06,0001-0376-0363,10,halo,7,0.38957905981834334,
746,210330,06,0001-0437-0298,477,eos,1,0.4309891141013525,
747,210330,06,0001-0437-0298,478,eos,2,0.5605319879513975,
748,210330,06,0001-0437-0298,479,eos,3,0.8207056455725464,
749,210330,06,0001-0437-0298,480,eos,5,0.8820705645572543,
750,210330,06,0001-0437-0298,481,eos,6,0.5560443595270312,
751,210330,06,0001-0437-0298,482,eos,7,0.3870307538535808,
752,210330,06,0001-0437-0298,483,eos,8,0.13428888088066307,
753,210330,06,0001-0437-0298,12,halo,1,0.42209089511994063,
754,210330,06,0001-0437-0298,13,halo,2,0.6136887547675928,
755,210330,06,0001-0437-0298,14,halo,3,0.900331111949369,
756,210330,06,0001-0437-0298,15,halo,5,0.7921678751554273,
757,210330,06,0001-0437-0298,16,halo,6,0.5408720678430222,
758,210330,06,0001-0437-0298,17,halo,7,0.32974279447308497,
759,210330,06,0001-0437-0298,18,halo,8,0.18215348505804954,
0,210309,05,0009-0103-0377,922,difference,1,0.08760563919982911,0.0
1,210309,05,0009-0103-0377,923,difference,2,-0.10946082064117418,1.0
2,210309,05,0009-0103-0377,924,difference,3,-0.20364152814610803,2.0
3,210309,05,0009-0103-0377,925,difference,4,-0.07980112350733037,3.0
4,210309,05,0009-0103-0377,926,difference,6,0.11806205307325157,4.0
5,210309,05,0009-0103-0377,927,difference,7,0.07409103542917239,5.0
6,210309,05,0009-0103-0377,928,difference,8,-0.058817408305421176,6.0
7,210309,05,0009-0103-0377,929,difference,9,-0.1493818999741752,7.0
8,210309,05,0009-0154-0187,914,difference,1,0.0833352418278357,16.0
9,210309,05,0009-0154-0187,915,difference,2,0.11681016298702784,17.0
10,210309,05,0009-0154-0187,916,difference,4,-0.030802755458344766,18.0
11,210309,05,0009-0154-0187,917,difference,5,0.1001302745273499,19.0
12,210309,05,0009-0154-0187,918,difference,6,0.10223901172333105,20.0
13,210309,05,0009-0154-0187,919,difference,7,0.0916527734311621,21.0
14,210309,05,0009-0327-0374,907,difference,1,0.20919779745786282,28.0
15,210309,05,0009-0327-0374,908,difference,2,0.06074021317899725,29.0
16,210309,05,0009-0327-0374,909,difference,5,-0.04780765304085477,30.0
17,210309,05,0009-0327-0374,910,difference,6,0.020467746668710207,31.0
18,210309,05,0009-0327-0374,911,difference,7,0.07146799195335785,32.0
19,210309,06,0001-0129-0221,875,difference,1,0.2867312109662532,38.0
20,210309,06,0001-0129-0221,876,difference,2,0.19371398960708686,39.0
21,210309,06,0001-0129-0221,877,difference,3,0.018162844639335263,40.0
22,210309,06,0001-0129-0221,878,difference,6,-0.02824362154285076,41.0
23,210309,06,0001-0129-0221,879,difference,7,0.0905482894003285,42.0
24,210309,06,0001-0129-0221,880,difference,8,0.0772862925182427,43.0
25,210309,06,0001-0200-0179,881,difference,1,0.3904783365537002,50.0
26,210309,06,0001-0200-0179,882,difference,2,0.26960292906565064,51.0
27,210309,06,0001-0200-0179,883,difference,3,0.0068575320005451745,52.0
28,210309,06,0001-0200-0179,884,difference,5,-0.045623015948305534,53.0
29,210309,06,0001-0200-0179,885,difference,6,-0.05865177558908147,54.0
30,210309,06,0001-0200-0179,886,difference,7,-0.01794722920554681,55.0
31,210309,06,0001-0295-0365,894,difference,1,0.2297406217150669,62.0
32,210309,06,0001-0295-0365,895,difference,2,0.05091590474705898,63.0
33,210309,06,0001-0295-0365,896,difference,3,0.11675115029788252,64.0
34,210309,06,0001-0295-0365,897,difference,4,-0.00997625969317184,65.0
35,210309,06,0001-0295-0365,898,difference,7,-0.12116419933844946,66.0
36,210309,06,0001-0295-0365,899,difference,8,-0.021174909951800103,67.0
37,210309,06,0001-0405-0332,888,difference,1,0.12014301008688633,74.0
38,210309,06,0001-0405-0332,889,difference,2,-0.11962610636198834,75.0
39,210309,06,0001-0405-0332,890,difference,3,0.2087462346941631,76.0
40,210309,06,0001-0405-0332,891,difference,5,-0.07548688213370969,77.0
41,210309,06,0001-0405-0332,892,difference,6,-0.42635835570104674,78.0
42,210309,06,0001-0405-0332,893,difference,7,-0.2636785821958094,79.0
43,210309,06,0007-0198-0178,900,difference,1,0.40891298914260327,86.0
44,210309,06,0007-0198-0178,901,difference,2,0.28711825053166373,87.0
45,210309,06,0007-0198-0178,902,difference,3,0.032122283477408864,88.0
46,210309,06,0007-0198-0178,903,difference,5,-0.046518867580443324,89.0
47,210309,06,0007-0198-0178,904,difference,6,-0.021446743184964145,90.0
48,210309,06,0007-0198-0178,905,difference,7,0.0023604899883530317,91.0
49,210309,07,0001-0135-0267,816,difference,1,0.19832230542052598,98.0
50,210309,07,0001-0135-0267,817,difference,2,0.23751358109061993,99.0
51,210309,07,0001-0135-0267,818,difference,3,0.15954135498353506,100.0
52,210309,07,0001-0135-0267,819,difference,6,0.04784933116638235,101.0
53,210309,07,0001-0135-0267,820,difference,7,0.05667351591561531,102.0
54,210309,07,0001-0135-0267,821,difference,8,0.09069596686917658,103.0
55,210309,07,0001-0135-0267,822,difference,9,-0.0002524856509584228,104.0
56,210309,07,0001-0171-0168,842,difference,1,0.15474314923001858,112.0
57,210309,07,0001-0171-0168,843,difference,2,0.17352574281123256,113.0
58,210309,07,0001-0171-0168,844,difference,3,-0.002174926969319757,114.0
59,210309,07,0001-0171-0168,845,difference,6,0.07475013835315814,115.0
60,210309,07,0001-0171-0168,846,difference,7,0.1417033364678899,116.0
61,210309,07,0001-0171-0168,847,difference,8,0.0665943423010193,117.0
62,210309,07,0001-0171-0168,848,difference,9,-0.01285312472935142,118.0
63,210309,07,0001-0173-0328,824,difference,1,0.14320822851693876,126.0
64,210309,07,0001-0173-0328,825,difference,2,-0.05427678641747746,127.0
65,210309,07,0001-0173-0328,826,difference,3,-0.030057721143615046,128.0
66,210309,07,0001-0173-0328,827,difference,4,-0.06630675571390776,129.0
67,210309,07,0001-0173-0328,828,difference,6,0.08350890634963082,130.0
68,210309,07,0001-0173-0328,829,difference,7,0.13154156666052674,131.0
69,210309,07,0001-0173-0328,830,difference,8,0.10559563257040527,132.0
70,210309,07,0001-0173-0328,831,difference,9,-0.009049253191262485,133.0
71,210309,07,0001-0385-0319,833,difference,1,0.14702103545572914,142.0
72,210309,07,0001-0385-0319,834,difference,2,0.008104428690787868,143.0
73,210309,07,0001-0385-0319,835,difference,3,0.007137047383428463,144.0
74,210309,07,0001-0385-0319,836,difference,5,0.06256267742272148,145.0
75,210309,07,0001-0385-0319,837,difference,6,0.04662349392849263,146.0
76,210309,07,0001-0385-0319,838,difference,7,0.10097737147363978,147.0
77,210309,07,0009-0173-0326,858,difference,1,0.19022937477882257,154.0
78,210309,07,0009-0173-0326,859,difference,2,0.0076237848298259525,155.0
79,210309,07,0009-0173-0326,860,difference,3,0.03117675306634915,156.0
80,210309,07,0009-0173-0326,861,difference,4,-0.006597469309995718,157.0
81,210309,07,0009-0173-0326,862,difference,6,0.09652264845560354,158.0
82,210309,07,0009-0173-0326,863,difference,7,0.1288608498461814,159.0
83,210309,07,0009-0173-0326,864,difference,8,0.1695021055451683,160.0
84,210309,07,0009-0173-0326,865,difference,9,0.006000001474188943,161.0
85,210309,07,0009-0211-0142,867,difference,1,0.09692920240585623,170.0
86,210309,07,0009-0211-0142,868,difference,2,0.12422563767348604,171.0
87,210309,07,0009-0211-0142,869,difference,3,0.004455737979705776,172.0
88,210309,07,0009-0211-0142,870,difference,6,0.09211146653245494,173.0
89,210309,07,0009-0211-0142,871,difference,7,0.16155757957860695,174.0
90,210309,07,0009-0211-0142,872,difference,8,-0.0058469794504148465,175.0
91,210309,07,0009-0271-0373,850,difference,1,0.3986618837678033,182.0
92,210309,07,0009-0271-0373,851,difference,2,0.25704804261228026,183.0
93,210309,07,0009-0271-0373,852,difference,3,0.018628404087410733,184.0
94,210309,07,0009-0271-0373,853,difference,4,-0.266514555537144,185.0
95,210309,07,0009-0271-0373,854,difference,7,0.10429430725597189,186.0
96,210309,07,0009-0271-0373,855,difference,8,0.10798344707863916,187.0
97,210309,07,0009-0271-0373,856,difference,9,0.0665875408205566,188.0
98,210309,07,0009-0271-0373,857,difference,10,-0.03619365055009331,189.0
99,210309,08,0001-0122-0258,783,difference,3,0.05515756709817776,198.0
100,210309,08,0001-0122-0258,784,difference,4,0.13977874213038155,199.0
101,210309,08,0001-0122-0258,785,difference,5,0.051532057812887055,200.0
102,210309,08,0001-0122-0258,786,difference,7,0.04153062387906947,201.0
103,210309,08,0001-0122-0258,787,difference,8,0.07560977364289045,202.0
104,210309,08,0001-0122-0258,788,difference,9,0.014614246828537847,203.0
105,210309,08,0001-0122-0258,789,difference,10,0.008917394257547728,204.0
106,210309,08,0001-0209-0197,792,difference,3,0.2319342335631785,212.0
107,210309,08,0001-0209-0197,793,difference,4,0.14396268482265784,213.0
108,210309,08,0001-0209-0197,794,difference,5,0.08701505328046932,214.0
109,210309,08,0001-0209-0197,795,difference,6,-0.015020747471499174,215.0
110,210309,08,0001-0209-0197,796,difference,8,0.04601071086075903,216.0
111,210309,08,0001-0209-0197,797,difference,9,-0.033549935918413265,217.0
112,210309,08,0001-0209-0197,798,difference,10,0.027688371013805002,218.0
113,210309,08,0001-0269-0176,800,difference,2,0.18036261647985652,226.0
114,210309,08,0001-0269-0176,801,difference,3,0.06340957882329668,227.0
115,210309,08,0001-0269-0176,802,difference,4,0.056505747730917766,228.0
116,210309,08,0001-0269-0176,803,difference,5,-0.024421437801912416,229.0
117,210309,08,0001-0269-0176,804,difference,7,0.10295268033052785,230.0
118,210309,08,0001-0269-0176,805,difference,8,0.06639587724630214,231.0
119,210309,08,0001-0269-0176,806,difference,9,0.0975702392310756,232.0
120,210309,08,0001-0269-0176,807,difference,10,0.12461526569678466,233.0
121,210309,08,0001-0355-0265,808,difference,1,0.4542519080350309,242.0
122,210309,08,0001-0355-0265,809,difference,2,0.3760155246895369,243.0
123,210309,08,0001-0355-0265,810,difference,3,0.20378429963827716,244.0
124,210309,08,0001-0355-0265,811,difference,4,0.05774885732031987,245.0
125,210309,08,0001-0355-0265,812,difference,7,-0.027855067238818587,246.0
126,210309,08,0001-0355-0265,813,difference,8,-0.1118670046157304,247.0
127,210309,08,0001-0355-0265,814,difference,9,-0.00938375629345456,248.0
128,210309,08,0001-0355-0265,815,difference,10,-0.029844449766255193,249.0
129,210309,09,0001-0200-0123,749,difference,3,-0.019793543052470497,258.0
130,210309,09,0001-0200-0123,750,difference,4,-0.030320876483883485,259.0
131,210309,09,0001-0200-0123,751,difference,5,-0.061396954048590247,260.0
132,210309,09,0001-0200-0123,752,difference,6,0.007377469744497989,261.0
133,210309,09,0001-0312-0437,757,difference,1,0.2835891318478418,266.0
134,210309,09,0001-0312-0437,758,difference,2,-0.0025418652799841235,267.0
135,210309,09,0001-0312-0437,759,difference,3,-0.22569730911663866,268.0
136,210309,09,0001-0312-0437,760,difference,6,0.3366321103044463,269.0
137,210309,09,0001-0312-0437,761,difference,7,0.34258244310605074,270.0
138,210309,09,0001-0312-0437,762,difference,8,0.3375644129942831,271.0
139,210309,09,0001-0312-0437,763,difference,9,0.08741788896285656,272.0
140,210309,09,0001-0390-0277,764,difference,1,-0.17679831483149888,280.0
141,210309,09,0001-0390-0277,765,difference,2,0.11922797390646156,281.0
142,210309,09,0001-0390-0277,766,difference,3,0.14975668248204832,282.0
143,210309,09,0001-0390-0277,767,difference,5,0.11409644793716889,283.0
144,210309,09,0001-0390-0277,768,difference,6,-0.050246461920628205,284.0
145,210309,09,0001-0390-0277,769,difference,7,-0.29292933196156085,285.0
146,210309,09,0005-0305-0134,775,difference,1,0.33838722389261044,292.0
147,210309,09,0005-0305-0134,776,difference,2,0.14574279347205643,293.0
148,210309,09,0005-0305-0134,777,difference,5,0.4754189494409946,294.0
149,210309,09,0005-0305-0134,778,difference,6,-0.034270485032959375,295.0
150,210309,09,0005-0305-0134,779,difference,7,-0.10286177211724196,296.0
151,210309,09,0005-0305-0134,780,difference,8,-0.31408195123776517,297.0
152,210309,09,0005-0339-0211,770,difference,1,0.20811940301422877,304.0
153,210309,09,0005-0339-0211,771,difference,4,-0.09075882251173084,305.0
154,210309,09,0005-0339-0211,772,difference,5,-0.15285731873248665,306.0
155,210309,09,0005-0339-0211,773,difference,6,0.16558922198142173,307.0
156,210309,09,0005-0339-0211,774,difference,7,0.07130866932716343,308.0
157,210309,10,0013-0171-0246,729,difference,4,0.051491048606149836,314.0
158,210309,10,0013-0171-0246,730,difference,5,-0.0022306525626391016,315.0
159,210309,10,0013-0171-0246,731,difference,6,0.01612940188892642,316.0
160,210309,10,0013-0171-0246,732,difference,7,-0.010286074030764758,317.0
161,210309,10,0013-0171-0246,733,difference,9,-0.018255485793663206,318.0
162,210309,10,0013-0171-0246,734,difference,10,-0.015466333422187561,319.0
163,210309,10,0013-0206-0086,735,difference,3,0.3181981655011114,326.0
164,210309,10,0013-0206-0086,736,difference,4,0.17421938458528485,327.0
165,210309,10,0013-0206-0086,737,difference,6,-0.09116802719206196,328.0
166,210309,10,0013-0206-0086,738,difference,7,0.12258743761418311,329.0
167,210309,10,0013-0206-0086,739,difference,8,0.12865916446053938,330.0
168,210309,10,0013-0206-0086,740,difference,9,0.11605802998255371,331.0
169,210309,10,0013-0343-0193,741,difference,1,0.5537052504313273,338.0
170,210309,10,0013-0343-0193,742,difference,2,0.5987139637972103,339.0
171,210309,10,0013-0343-0193,743,difference,3,0.4283455544578323,340.0
172,210309,10,0013-0343-0193,744,difference,5,-0.11866237421260084,341.0
173,210309,10,0013-0343-0193,745,difference,7,-0.24266623613868243,342.0
174,210309,10,0013-0343-0193,746,difference,8,-0.07823582866623785,343.0
175,210309,10,0013-0343-0193,747,difference,9,-0.07897040304338382,344.0
176,210309,11,0015-0129-0321,691,difference,4,0.08469261915996129,352.0
177,210309,11,0015-0129-0321,692,difference,5,-0.07574613670411823,353.0
178,210309,11,0015-0129-0321,693,difference,6,-0.15204101271763937,354.0
179,210309,11,0015-0129-0321,694,difference,7,-0.22754704323294972,355.0
180,210309,11,0015-0129-0321,695,difference,10,0.09565134847139656,356.0
181,210309,11,0015-0129-0321,696,difference,11,0.0929694548564034,357.0
182,210309,11,0015-0129-0321,697,difference,12,0.08042463071350714,358.0
183,210309,11,0015-0191-0100,719,difference,4,0.10023862048202832,366.0
184,210309,11,0015-0191-0100,720,difference,5,-0.0014809471134913932,367.0
185,210309,11,0015-0191-0100,721,difference,6,0.14477226131778942,368.0
186,210309,11,0015-0191-0100,722,difference,7,-0.16464364677341425,369.0
187,210309,11,0015-0191-0100,723,difference,10,0.09385822327164905,370.0
188,210309,11,0015-0191-0100,724,difference,11,0.1764212934417469,371.0
189,210309,11,0015-0191-0100,725,difference,12,-0.03092211402767503,372.0
190,210309,11,0015-0305-0145,710,difference,4,0.10238367802048051,380.0
191,210309,11,0015-0305-0145,711,difference,5,0.13648553163213073,381.0
192,210309,11,0015-0305-0145,712,difference,6,-0.047095047683396674,382.0
193,210309,11,0015-0305-0145,713,difference,7,-0.19666451821517772,383.0
194,210309,11,0015-0305-0145,714,difference,10,0.4272732003304695,384.0
195,210309,11,0015-0305-0145,715,difference,11,0.21682271355001947,385.0
196,210309,11,0015-0305-0145,716,difference,12,-0.04838663637993951,386.0
197,210309,11,0015-0348-0414,701,difference,4,0.16800979339202565,394.0
198,210309,11,0015-0348-0414,702,difference,5,0.07191119322298711,395.0
199,210309,11,0015-0348-0414,703,difference,6,-0.029016538391287372,396.0
200,210309,11,0015-0348-0414,704,difference,9,-0.06812898437988979,397.0
201,210309,11,0015-0348-0414,705,difference,10,0.012283765408681258,398.0
202,210309,11,0015-0348-0414,706,difference,11,0.1719100556611624,399.0
203,210309,11,0015-0348-0414,707,difference,12,0.16921867936124524,400.0
204,210309,12,0001-0155-0237,650,difference,1,0.09698686912341781,408.0
205,210309,12,0001-0155-0237,651,difference,2,0.08771872243699785,409.0
206,210309,12,0001-0155-0237,652,difference,4,0.00756734816079907,410.0
207,210309,12,0001-0155-0237,653,difference,5,-0.02814385407248221,411.0
208,210309,12,0001-0155-0237,654,difference,6,-0.07559381890629147,412.0
209,210309,12,0001-0155-0237,655,difference,7,-0.10005707846038753,413.0
210,210309,12,0001-0193-0325,659,difference,1,0.049598090870742545,420.0
211,210309,12,0001-0193-0325,660,difference,2,0.03225627073805859,421.0
212,210309,12,0001-0193-0325,661,difference,3,-0.012834060573460204,422.0
213,210309,12,0001-0193-0325,662,difference,4,-0.14902907441730073,423.0
214,210309,12,0001-0193-0325,663,difference,7,0.19167091226081334,424.0
215,210309,12,0001-0193-0325,664,difference,8,0.2293839113764944,425.0
216,210309,12,0001-0193-0325,665,difference,9,0.14488257964146076,426.0
217,210309,12,0001-0193-0325,666,difference,10,0.11309351442012452,427.0
218,210309,12,0001-0242-0367,667,difference,2,0.2986343135167089,436.0
219,210309,12,0001-0242-0367,668,difference,3,0.1620162615249804,437.0
220,210309,12,0001-0242-0367,669,difference,4,-0.02720867095140478,438.0
221,210309,12,0001-0242-0367,670,difference,5,-0.123120346223623,439.0
222,210309,12,0001-0242-0367,671,difference,7,0.07271961961018403,440.0
223,210309,12,0001-0242-0367,672,difference,8,0.007698809187168143,441.0
224,210309,12,0001-0242-0367,673,difference,9,0.08958689861508226,442.0
225,210309,12,0001-0258-0135,675,difference,1,0.23754966519476528,450.0
226,210309,12,0001-0258-0135,676,difference,2,0.07939065999136918,451.0
227,210309,12,0001-0258-0135,677,difference,3,-0.1498374790747623,452.0
228,210309,12,0001-0258-0135,678,difference,6,0.20551015428515262,453.0
229,210309,12,0001-0258-0135,679,difference,7,0.2633975030665406,454.0
230,210309,12,0001-0258-0135,680,difference,8,0.18549715692606009,455.0
231,210309,12,0001-0385-0256,683,difference,1,0.0715593370032061,462.0
232,210309,12,0001-0385-0256,684,difference,2,-0.36379668889698946,463.0
233,210309,12,0001-0385-0256,685,difference,3,-0.03552924798421919,464.0
234,210309,12,0001-0385-0256,686,difference,6,0.14919973663997077,465.0
235,210309,12,0001-0385-0256,687,difference,7,-0.20013459525512334,466.0
236,210309,13,0001-0171-0216,614,difference,4,0.06070222953782184,472.0
237,210309,13,0001-0171-0216,615,difference,5,-0.004325243406167245,473.0
238,210309,13,0001-0171-0216,616,difference,6,0.03164841517268158,474.0
239,210309,13,0001-0171-0216,617,difference,9,-0.05171275112999785,475.0
240,210309,13,0001-0171-0216,618,difference,10,-0.11398488495422687,476.0
241,210309,13,0001-0171-0216,619,difference,11,-0.10207055507227125,477.0
242,210309,13,0001-0171-0216,620,difference,12,-0.043058418934790954,478.0
243,210309,13,0001-0283-0125,624,difference,1,0.2670989578435757,486.0
244,210309,13,0001-0283-0125,625,difference,2,0.27289549322118445,487.0
245,210309,13,0001-0283-0125,626,difference,3,0.1678949166933289,488.0
246,210309,13,0001-0283-0125,627,difference,4,0.04900724521500599,489.0
247,210309,13,0001-0283-0125,628,difference,7,-0.0554536335060698,490.0
248,210309,13,0001-0283-0125,629,difference,8,0.036815434861146135,491.0
249,210309,13,0001-0283-0125,630,difference,9,0.09069381468649684,492.0
250,210309,13,0001-0283-0125,631,difference,10,0.05205386980300303,493.0
251,210309,13,0019-0141-0324,641,difference,5,0.05715009993653347,502.0
252,210309,13,0019-0141-0324,642,difference,6,-0.02915406145210847,503.0
253,210309,13,0019-0141-0324,643,difference,7,-0.08290678585581168,504.0
254,210309,13,0019-0141-0324,644,difference,8,-0.021892819919836493,505.0
255,210309,13,0019-0141-0324,645,difference,11,0.047324646841331086,506.0
256,210309,13,0019-0141-0324,646,difference,12,0.04419046188230358,507.0
257,210309,13,0019-0141-0324,647,difference,13,0.06631296095055855,508.0
258,210309,13,0019-0141-0324,648,difference,14,0.08995207814253386,509.0
259,210330,02,0001-0240-0305,580,difference,1,-0.08926438664709879,518.0
260,210330,02,0001-0240-0305,581,difference,2,-0.06616262614265456,519.0
261,210330,02,0001-0240-0305,582,difference,5,0.06949199440301512,520.0
262,210330,02,0001-0240-0305,583,difference,6,-0.0323103059093347,521.0
263,210330,02,0001-0240-0305,584,difference,7,-0.044271672469298695,522.0
264,210330,02,0001-0277-0173,589,difference,1,-0.08046516767760903,528.0
265,210330,02,0001-0277-0173,590,difference,3,0.004724272497238835,529.0
266,210330,02,0001-0277-0173,591,difference,4,0.02003363257900892,530.0
267,210330,02,0001-0277-0173,592,difference,5,0.06744442764296876,531.0
268,210330,02,0001-0277-0173,593,difference,6,0.02330064268183274,532.0
269,210330,02,0001-0348-0145,598,difference,3,0.05093803735980218,538.0
270,210330,02,0001-0348-0145,599,difference,4,-0.050355416977206024,539.0
271,210330,02,0001-0348-0145,600,difference,5,-0.07286348102588391,540.0
272,210330,02,0001-0348-0145,601,difference,6,-0.059568427782045685,541.0
273,210330,02,0001-0384-0340,604,difference,2,-0.05311896417411999,546.0
274,210330,02,0001-0384-0340,605,difference,3,-0.15451487433061462,547.0
275,210330,02,0001-0384-0340,606,difference,4,-0.09914738186574618,548.0
276,210330,02,0001-0384-0340,607,difference,5,-0.06159823300184181,549.0
277,210330,03,0001-0163-0255,546,difference,2,0.05522238638018251,554.0
278,210330,03,0001-0163-0255,547,difference,3,-0.03125539641377917,555.0
279,210330,03,0001-0163-0255,548,difference,4,-0.012915618188066968,556.0
280,210330,03,0001-0163-0255,549,difference,6,-0.02309330812707322,557.0
281,210330,03,0001-0163-0255,550,difference,7,0.005793440865935251,558.0
282,210330,03,0001-0163-0255,551,difference,8,-0.06869771534968627,559.0
283,210330,03,0001-0163-0255,552,difference,9,-0.10477902165042638,560.0
284,210330,03,0001-0232-0124,554,difference,1,0.06384262332568885,568.0
285,210330,03,0001-0232-0124,555,difference,2,0.013378016665704928,569.0
286,210330,03,0001-0232-0124,556,difference,3,-0.044124751317845656,570.0
287,210330,03,0001-0232-0124,557,difference,5,0.025601885239754152,571.0
288,210330,03,0001-0232-0124,558,difference,6,-0.031773575317300407,572.0
289,210330,03,0001-0232-0124,559,difference,7,-0.03341508867149945,573.0
290,210330,03,0001-0232-0124,560,difference,8,-0.03157999262503608,574.0
291,210330,03,0007-0288-0322,572,difference,2,-0.03295841057590093,582.0
292,210330,03,0007-0288-0322,573,difference,3,-0.06899956508108979,583.0
293,210330,03,0007-0288-0322,574,difference,4,-0.16656760964547768,584.0
294,210330,03,0007-0288-0322,575,difference,6,0.07196541707047188,585.0
295,210330,03,0007-0288-0322,576,difference,7,0.01504916815971935,586.0
296,210330,03,0007-0288-0322,577,difference,8,-0.03618660972446175,587.0
297,210330,03,0007-0288-0322,578,difference,9,-0.02750031625459931,588.0
298,210330,03,0007-0330-0258,563,difference,1,-0.07544270482420574,596.0
299,210330,03,0007-0330-0258,564,difference,2,-0.06081862893689638,597.0
300,210330,03,0007-0330-0258,565,difference,3,-0.33774473575747954,598.0
301,210330,03,0007-0330-0258,566,difference,4,-0.3074332682464479,599.0
302,210330,03,0007-0330-0258,567,difference,7,-0.019921776474375985,600.0
303,210330,03,0007-0330-0258,568,difference,8,-0.01887941854343078,601.0
304,210330,03,0007-0330-0258,569,difference,9,-0.1193187206191841,602.0
305,210330,03,0007-0330-0258,570,difference,10,0.20979428816264933,603.0
306,210330,04,0001-0202-0245,526,difference,1,0.1438306806603285,612.0
307,210330,04,0001-0202-0245,527,difference,2,0.1198243791475222,613.0
308,210330,04,0001-0202-0245,528,difference,3,0.1014875959960011,614.0
309,210330,04,0001-0202-0245,529,difference,6,0.025300095391862287,615.0
310,210330,04,0001-0202-0245,530,difference,7,-0.002148173667090969,616.0
311,210330,04,0001-0202-0245,531,difference,8,-0.0666928109829254,617.0
312,210330,04,0001-0205-0308,520,difference,2,0.12233464077746214,624.0
313,210330,04,0001-0205-0308,521,difference,3,-0.040118911981405936,625.0
314,210330,04,0001-0205-0308,522,difference,4,-0.007875217780068722,626.0
315,210330,04,0001-0205-0308,523,difference,5,0.02400222984208078,627.0
316,210330,04,0001-0205-0308,524,difference,7,0.06224591405557112,628.0
317,210330,04,0001-0205-0308,525,difference,8,0.021885756857892513,629.0
318,210330,04,0001-0247-0127,532,difference,1,0.23671986349066892,636.0
319,210330,04,0001-0247-0127,533,difference,2,0.2183048013360288,637.0
320,210330,04,0001-0247-0127,534,difference,3,0.012893307592657832,638.0
321,210330,04,0001-0247-0127,535,difference,4,0.028778486967341865,639.0
322,210330,04,0001-0247-0127,536,difference,7,0.08872370537319862,640.0
323,210330,04,0001-0247-0127,537,difference,8,0.08461205479953732,641.0
324,210330,04,0001-0388-0340,538,difference,1,0.041671462814841076,648.0
325,210330,04,0001-0388-0340,539,difference,2,-0.11497914494977113,649.0
326,210330,04,0001-0388-0340,540,difference,3,-0.2395671036023369,650.0
327,210330,04,0001-0388-0340,541,difference,4,-0.1791408371194364,651.0
328,210330,04,0001-0388-0340,542,difference,6,0.2041028312320794,652.0
329,210330,04,0001-0388-0340,543,difference,7,0.04734731645163626,653.0
330,210330,04,0001-0388-0340,544,difference,8,0.017919856855303673,654.0
331,210330,05,0001-0137-0287,496,difference,1,0.12523186477028916,662.0
332,210330,05,0001-0137-0287,497,difference,2,-0.04263341153248851,663.0
333,210330,05,0001-0137-0287,498,difference,3,-0.19534198412749748,664.0
334,210330,05,0001-0137-0287,499,difference,4,-0.13796432549478477,665.0
335,210330,05,0001-0137-0287,500,difference,6,-0.2219002466835034,666.0
336,210330,05,0001-0137-0287,501,difference,7,-0.24802673796732833,667.0
337,210330,05,0001-0137-0287,502,difference,8,-0.2685652166370996,668.0
338,210330,05,0001-0137-0287,503,difference,9,-0.12263480787209613,669.0
339,210330,05,0001-0151-0383,505,difference,2,0.2466950657621242,678.0
340,210330,05,0001-0151-0383,506,difference,3,0.0858723030138887,679.0
341,210330,05,0001-0151-0383,507,difference,4,-0.089514431968861,680.0
342,210330,05,0001-0151-0383,508,difference,5,-0.10619296560171443,681.0
343,210330,05,0001-0151-0383,509,difference,7,0.023701500704593537,682.0
344,210330,05,0001-0151-0383,510,difference,8,0.040251886353150135,683.0
345,210330,05,0001-0151-0383,511,difference,9,-6.048004271730356e-06,684.0
346,210330,05,0001-0352-0321,512,difference,1,0.1347560865395182,692.0
347,210330,05,0001-0352-0321,513,difference,2,-0.0323482219176634,693.0
348,210330,05,0001-0352-0321,514,difference,3,-0.05494071785977994,694.0
349,210330,05,0001-0352-0321,515,difference,6,0.005761818017154474,695.0
350,210330,05,0001-0352-0321,516,difference,7,0.06957503973949375,696.0
351,210330,05,0001-0352-0321,517,difference,8,-0.019228280698346145,697.0
352,210330,06,0001-0199-0286,465,difference,1,0.1249774574449879,704.0
353,210330,06,0001-0199-0286,466,difference,2,-0.00742052278257288,705.0
354,210330,06,0001-0199-0286,467,difference,5,-0.09676082438209,706.0
355,210330,06,0001-0199-0286,468,difference,6,-0.11533029684950458,707.0
356,210330,06,0001-0199-0286,469,difference,7,-0.06059705054397785,708.0
357,210330,06,0001-0212-0172,490,difference,1,0.13164260527781024,714.0
358,210330,06,0001-0212-0172,491,difference,2,0.02800316403831471,715.0
359,210330,06,0001-0212-0172,492,difference,3,0.09020664947949875,716.0
360,210330,06,0001-0212-0172,493,difference,6,0.13167493075765158,717.0
361,210330,06,0001-0212-0172,494,difference,7,0.10011861258077914,718.0
362,210330,06,0001-0212-0172,495,difference,8,0.004128969655755155,719.0
363,210330,06,0001-0309-0169,484,difference,1,0.02809960900343733,726.0
364,210330,06,0001-0309-0169,485,difference,3,-0.06556701666031595,727.0
365,210330,06,0001-0309-0169,486,difference,5,-0.10757672677701025,728.0
366,210330,06,0001-0309-0169,487,difference,6,-0.08030175223708841,729.0
367,210330,06,0001-0309-0169,488,difference,7,0.0004891162627455037,730.0
368,210330,06,0001-0376-0363,471,difference,1,-0.08433109421440688,736.0
369,210330,06,0001-0376-0363,472,difference,4,-0.006045627956303368,737.0
370,210330,06,0001-0376-0363,473,difference,5,0.08800539118854189,738.0
371,210330,06,0001-0376-0363,474,difference,6,0.0014891138962804806,739.0
372,210330,06,0001-0376-0363,475,difference,7,-0.06769605274142398,740.0
373,210330,06,0001-0437-0298,477,difference,1,0.008898218981411854,746.0
374,210330,06,0001-0437-0298,478,difference,2,-0.0531567668161953,747.0
375,210330,06,0001-0437-0298,479,difference,3,-0.07962546637682255,748.0
376,210330,06,0001-0437-0298,480,difference,5,0.089902689401827,749.0
377,210330,06,0001-0437-0298,481,difference,6,0.01517229168400902,750.0
378,210330,06,0001-0437-0298,482,difference,7,0.057287959380495856,751.0
379,210330,06,0001-0437-0298,483,difference,8,-0.04786460417738647,752.0
